id,probability,probability_denominator,times
1000101,30845,4200000,1
1000102,30845,4200000,1
1000103,77112,4200000,1
1000104,77112,4200000,1
1000107,55,5000000,1
1000108,1714,4200000,1
1000109,15422,4200000,1
1000201,15422,4200000,1
1000202,15422,4200000,1
1000203,38556,4200000,1
1000204,38556,4200000,1
1000207,28,5000000,1
1000208,857,4200000,1
1000209,7711,4200000,1
1000301,16150,4200000,1
1000302,16150,4200000,1
1000303,40376,4200000,1
1000304,40376,4200000,1
1000306,577,750000,1
1000307,29,5000000,1
1000308,897,4200000,1
1000309,8075,4200000,1
100032,1000,1000,1
100033,1000,1000,1
1000401,16890,4200000,1
1000403,42224,4200000,1
1000404,42224,4200000,1
1000407,30,5000000,1
1000408,938,4200000,1
1000409,8445,4200000,1
1000501,24046,4200000,1
1000503,60116,4200000,1
1000504,60116,4200000,1
1000507,43,5000000,1
1000508,1336,4200000,1
1000509,12023,4200000,1
1000601,23206,4200000,1
1000602,23206,4200000,1
1000603,58016,4200000,1
1000604,58016,4200000,1
1000605,10453,560000,1
1000607,41,5000000,1
1000608,1289,4200000,1
1000609,11603,4200000,1
1000701,43120,4200000,1
1000702,43120,4200000,1
1000703,107800,4200000,1
1000704,107800,4200000,1
1000707,77,5000000,1
1000708,2396,4200000,1
1000709,21560,4200000,1
1000801,86397,4200000,1
1000802,86397,4200000,1
1000803,215992,4200000,1
1000804,215992,4200000,1
1000805,36960,560000,1
1000806,2571,750000,1
1000807,62,5000000,1
1000808,4800,4200000,1
1000809,43198,4200000,1
1000901,25760,4200000,1
1000904,64400,4200000,1
1000905,64400,4200000,1
1000907,46,5000000,1
1000908,1431,4200000,1
1000909,12880,4200000,1
1001001,44755,4200000,1
1001002,44755,4200000,1
1001003,111888,4200000,1
1001004,111888,4200000,1
1001005,20907,560000,1
1001007,80,5000000,1
1001008,2486,4200000,1
1001009,22378,4200000,1
1001101,18402,4200000,1
1001102,18402,4200000,1
1001103,46004,4200000,1
1001104,46004,4200000,1
1001107,33,5000000,1
1001108,1022,4200000,1
1001109,9201,4200000,1
1001201,38349,4200000,1
1001202,38349,4200000,1
1001203,95872,4200000,1
1001204,95872,4200000,1
1001207,68,5000000,1
1001208,2130,4200000,1
1001209,19174,4200000,1
1001301,17640,4200000,1
1001303,44100,4200000,1
1001304,44100,4200000,1
1001307,32,5000000,1
1001308,891,4200000,1
1001309,8820,4200000,1
1001401,39917,4200000,1
1001402,39917,4200000,1
1001403,99792,4200000,1
1001404,99792,4200000,1
1001407,71,5000000,1
1001408,2218,4200000,1
1001409,19958,4200000,1
1001501,26634,4200000,1
1001502,26634,4200000,1
1001503,66584,4200000,1
1001504,66584,4200000,1
1001505,10453,560000,1
1001507,48,5000000,1
1001508,1480,4200000,1
1001509,13317,4200000,1
1001601,28414,4200000,1
1001602,28414,4200000,1
1001603,71036,4200000,1
1001604,71036,4200000,1
1001605,10453,560000,1
1001607,51,5000000,1
1001608,1579,4200000,1
1001609,14207,4200000,1
1001610,10,5000000,1
1001701,163363,4200000,1
1001702,163363,4200000,1
1001703,204204,4200000,1
1001704,204204,4200000,1
1001707,117,5000000,1
1001708,9076,4200000,1
1001709,81682,4200000,1
1001801,159835,4200000,1
1001802,159835,4200000,1
1001803,199794,4200000,1
1001804,199794,4200000,1
1001805,34580,560000,1
1001807,114,5000000,1
1001808,8880,4200000,1
1001809,79918,4200000,1
1001901,111283,4200000,1
1001902,111283,4200000,1
1001903,139104,4200000,1
1001904,139104,4200000,1
1001907,79,5000000,1
1001908,6182,4200000,1
1001909,55642,4200000,1
1002001,113680,4200000,1
1002003,142100,4200000,1
1002004,142100,4200000,1
1002005,142100,4200000,1
1002007,81,5000000,1
1002008,6316,4200000,1
1002009,56840,4200000,1
1002101,58050,4200000,1
1002102,58050,4200000,1
1002103,72562,4200000,1
1002104,72562,4200000,1
1002105,72562,4200000,1
1002107,21,5000000,1
1002108,3225,4200000,1
1002109,29025,4200000,1
1002201,177811,4200000,1
1002204,222264,4200000,1
1002205,34580,560000,1
1002207,64,5000000,1
1002208,8980,4200000,1
1002209,88906,4200000,1
1002301,123491,4200000,1
1002302,123491,4200000,1
1002304,154364,4200000,1
1002305,23053,560000,1
1002306,2757,750000,1
1002307,44,5000000,1
1002308,6861,4200000,1
1002309,61746,4200000,1
1002401,126000,4200000,1
1002402,126000,4200000,1
1002403,157500,4200000,1
1002404,157500,4200000,1
1002405,157500,4200000,1
1002407,45,5000000,1
1002408,7000,4200000,1
1002409,63000,4200000,1
1002410,9,5000000,1
1002501,136259,4200000,1
1002502,136259,4200000,1
1002503,113549,4200000,1
1002504,113549,4200000,1
1002505,18667,560000,1
1002507,49,5000000,1
1002508,7570,4200000,1
1002509,68130,4200000,1
1002701,32110,4200000,1
1002702,32110,4200000,1
1002703,80276,4200000,1
1002704,80276,4200000,1
1002705,14280,560000,1
1002707,57,5000000,1
1002708,1784,4200000,1
1002709,16055,4200000,1
1002801,102077,4200000,1
1002802,102077,4200000,1
1002803,255192,4200000,1
1002804,255192,4200000,1
1002805,42840,560000,1
1002807,182,5000000,1
1002808,5671,4200000,1
1002809,51038,4200000,1
1002901,157853,4200000,1
1002902,157853,4200000,1
1002903,131544,4200000,1
1002904,131544,4200000,1
1002905,22213,560000,1
1002907,28,5000000,1
1002908,8770,4200000,1
1002909,78926,4200000,1
1003001,42134,4200000,1
1003002,42134,4200000,1
1003003,105336,4200000,1
1003004,105336,4200000,1
1003005,18480,560000,1
1003007,30,5000000,1
1003008,2341,4200000,1
1003009,21067,4200000,1
1003101,92915,4200000,1
1003102,92915,4200000,1
1003103,116144,4200000,1
1003104,116144,4200000,1
1003105,18480,560000,1
1003107,66,5000000,1
1003108,5162,4200000,1
1003109,46458,4200000,1
10031101,400,1000,1
10031102,300,1000,1
10031103,200,1000,1
10031104,100,1000,1
10031105,400,1000,1
10031106,300,1000,1
10031107,200,1000,1
10031108,100,1000,1
10031109,400,1000,1
10031110,300,1000,1
10031111,200,1000,1
10031112,100,1000,1
10031113,400,1000,1
10031114,300,1000,1
10031115,200,1000,1
10031116,100,1000,1
10031117,400,1000,1
10031118,300,1000,1
10031119,200,1000,1
10031120,100,1000,1
10031121,400,1000,1
10031122,300,1000,1
10031123,200,1000,1
10031124,100,1000,1
10031201,400,1000,2
10031202,300,1000,2
10031203,200,1000,2
10031204,100,1000,2
10031205,400,1000,2
10031206,300,1000,2
10031207,200,1000,2
10031208,100,1000,2
10031209,400,1000,2
10031210,300,1000,2
10031211,200,1000,2
10031212,100,1000,2
10031213,400,1000,2
10031214,300,1000,2
10031215,200,1000,2
10031216,100,1000,2
10031217,400,1000,2
10031218,300,1000,2
10031219,200,1000,2
10031220,100,1000,2
10031221,400,1000,2
10031222,300,1000,2
10031223,200,1000,2
10031224,100,1000,2
10031301,400,1000,3
10031302,300,1000,3
10031303,200,1000,3
10031304,100,1000,3
10031305,400,1000,3
10031306,300,1000,3
10031307,200,1000,3
10031308,100,1000,3
10031309,400,1000,3
10031310,300,1000,3
10031311,200,1000,3
10031312,100,1000,3
10031313,400,1000,3
10031314,300,1000,3
10031315,200,1000,3
10031316,100,1000,3
10031317,400,1000,3
10031318,300,1000,3
10031319,200,1000,3
10031320,100,1000,3
10031321,400,1000,3
10031322,300,1000,3
10031323,200,1000,3
10031324,100,1000,3
10031401,400,1000,4
10031402,300,1000,4
10031403,200,1000,4
10031404,100,1000,4
10031405,400,1000,4
10031406,300,1000,4
10031407,200,1000,4
10031408,100,1000,4
10031409,400,1000,4
10031410,300,1000,4
10031411,200,1000,4
10031412,100,1000,4
10031413,400,1000,4
10031414,300,1000,4
10031415,200,1000,4
10031416,100,1000,4
10031417,400,1000,4
10031418,300,1000,4
10031419,200,1000,4
10031420,100,1000,4
10031421,400,1000,4
10031422,300,1000,4
10031423,200,1000,4
10031424,100,1000,4
10031501,400,1000,5
10031502,300,1000,5
10031503,200,1000,5
10031504,100,1000,5
10031505,400,1000,5
10031506,300,1000,5
10031507,200,1000,5
10031508,100,1000,5
10031509,400,1000,5
10031510,300,1000,5
10031511,200,1000,5
10031512,100,1000,5
10031513,400,1000,5
10031514,300,1000,5
10031515,200,1000,5
10031516,100,1000,5
10031517,400,1000,5
10031518,300,1000,5
10031519,200,1000,5
10031520,100,1000,5
10031521,400,1000,5
10031522,300,1000,5
10031523,200,1000,5
10031524,100,1000,5
10031601,400,1000,6
10031602,300,1000,6
10031603,200,1000,6
10031604,100,1000,6
10031605,400,1000,6
10031606,300,1000,6
10031607,200,1000,6
10031608,100,1000,6
10031609,400,1000,6
10031610,300,1000,6
10031611,200,1000,6
10031612,100,1000,6
10031613,400,1000,6
10031614,300,1000,6
10031615,200,1000,6
10031616,100,1000,6
10031617,400,1000,6
10031618,300,1000,6
10031619,200,1000,6
10031620,100,1000,6
10031621,400,1000,6
10031622,300,1000,6
10031623,200,1000,6
10031624,100,1000,6
10031701,400,1000,7
10031702,300,1000,7
10031703,200,1000,7
10031704,100,1000,7
10031705,400,1000,7
10031706,300,1000,7
10031707,200,1000,7
10031708,100,1000,7
10031709,400,1000,7
10031710,300,1000,7
10031711,200,1000,7
10031712,100,1000,7
10031713,400,1000,7
10031714,300,1000,7
10031715,200,1000,7
10031716,100,1000,7
10031717,400,1000,7
10031718,300,1000,7
10031719,200,1000,7
10031720,100,1000,7
10031721,400,1000,7
10031722,300,1000,7
10031723,200,1000,7
10031724,100,1000,7
10031801,400,1000,8
10031802,300,1000,8
10031803,200,1000,8
10031804,100,1000,8
10031805,400,1000,8
10031806,300,1000,8
10031807,200,1000,8
10031808,100,1000,8
10031809,400,1000,8
10031810,300,1000,8
10031811,200,1000,8
10031812,100,1000,8
10031813,400,1000,8
10031814,300,1000,8
10031815,200,1000,8
10031816,100,1000,8
10031817,400,1000,8
10031818,300,1000,8
10031819,200,1000,8
10031820,100,1000,8
10031821,400,1000,8
10031822,300,1000,8
10031823,200,1000,8
10031824,100,1000,8
10031901,400,1000,9
10031902,300,1000,9
10031903,200,1000,9
10031904,100,1000,9
10031905,400,1000,9
10031906,300,1000,9
10031907,200,1000,9
10031908,100,1000,9
10031909,400,1000,9
10031910,300,1000,9
10031911,200,1000,9
10031912,100,1000,9
10031913,400,1000,9
10031914,300,1000,9
10031915,200,1000,9
10031916,100,1000,9
10031917,400,1000,9
10031918,300,1000,9
10031919,200,1000,9
10031920,100,1000,9
10031921,400,1000,9
10031922,300,1000,9
10031923,200,1000,9
10031924,100,1000,9
10032001,400,1000,10
10032002,300,1000,10
10032003,200,1000,10
10032004,100,1000,10
10032005,400,1000,10
10032006,300,1000,10
10032007,200,1000,10
10032008,100,1000,10
10032009,400,1000,10
10032010,300,1000,10
10032011,200,1000,10
10032012,100,1000,10
10032013,400,1000,10
10032014,300,1000,10
10032015,200,1000,10
10032016,100,1000,10
10032017,400,1000,10
10032018,300,1000,10
10032019,200,1000,10
10032020,100,1000,10
10032021,400,1000,10
10032022,300,1000,10
10032023,200,1000,10
10032024,100,1000,10
10032101,400,1000,11
10032102,300,1000,11
10032103,200,1000,11
10032104,100,1000,11
10032105,400,1000,11
10032106,300,1000,11
10032107,200,1000,11
10032108,100,1000,11
10032109,400,1000,11
10032110,300,1000,11
10032111,200,1000,11
10032112,100,1000,11
10032113,400,1000,11
10032114,300,1000,11
10032115,200,1000,11
10032116,100,1000,11
10032117,400,1000,11
10032118,300,1000,11
10032119,200,1000,11
10032120,100,1000,11
10032121,400,1000,11
10032122,300,1000,11
10032123,200,1000,11
10032124,100,1000,11
10032201,400,1000,12
10032202,300,1000,12
10032203,200,1000,12
10032204,100,1000,12
10032205,400,1000,12
10032206,300,1000,12
10032207,200,1000,12
10032208,100,1000,12
10032209,400,1000,12
10032210,300,1000,12
10032211,200,1000,12
10032212,100,1000,12
10032213,400,1000,12
10032214,300,1000,12
10032215,200,1000,12
10032216,100,1000,12
10032217,400,1000,12
10032218,300,1000,12
10032219,200,1000,12
10032220,100,1000,12
10032221,400,1000,12
10032222,300,1000,12
10032223,200,1000,12
10032224,100,1000,12
10032301,400,1000,13
10032302,300,1000,13
10032303,200,1000,13
10032304,100,1000,13
10032305,400,1000,13
10032306,300,1000,13
10032307,200,1000,13
10032308,100,1000,13
10032309,400,1000,13
10032310,300,1000,13
10032311,200,1000,13
10032312,100,1000,13
10032313,400,1000,13
10032314,300,1000,13
10032315,200,1000,13
10032316,100,1000,13
10032317,400,1000,13
10032318,300,1000,13
10032319,200,1000,13
10032320,100,1000,13
10032321,400,1000,13
10032322,300,1000,13
10032323,200,1000,13
10032324,100,1000,13
10032401,400,1000,14
10032402,300,1000,14
10032403,200,1000,14
10032404,100,1000,14
10032405,400,1000,14
10032406,300,1000,14
10032407,200,1000,14
10032408,100,1000,14
10032409,400,1000,14
10032410,300,1000,14
10032411,200,1000,14
10032412,100,1000,14
10032413,400,1000,14
10032414,300,1000,14
10032415,200,1000,14
10032416,100,1000,14
10032417,400,1000,14
10032418,300,1000,14
10032419,200,1000,14
10032420,100,1000,14
10032421,400,1000,14
10032422,300,1000,14
10032423,200,1000,14
10032424,100,1000,14
10032501,400,1000,15
10032502,300,1000,15
10032503,200,1000,15
10032504,100,1000,15
10032505,400,1000,15
10032506,300,1000,15
10032507,200,1000,15
10032508,100,1000,15
10032509,400,1000,15
10032510,300,1000,15
10032511,200,1000,15
10032512,100,1000,15
10032513,400,1000,15
10032514,300,1000,15
10032515,200,1000,15
10032516,100,1000,15
10032517,400,1000,15
10032518,300,1000,15
10032519,200,1000,15
10032520,100,1000,15
10032521,400,1000,15
10032522,300,1000,15
10032523,200,1000,15
10032524,100,1000,15
10032601,400,1000,16
10032602,300,1000,16
10032603,200,1000,16
10032604,100,1000,16
10032605,400,1000,16
10032606,300,1000,16
10032607,200,1000,16
10032608,100,1000,16
10032609,400,1000,16
10032610,300,1000,16
10032611,200,1000,16
10032612,100,1000,16
10032613,400,1000,16
10032614,300,1000,16
10032615,200,1000,16
10032616,100,1000,16
10032617,400,1000,16
10032618,300,1000,16
10032619,200,1000,16
10032620,100,1000,16
10032621,400,1000,16
10032622,300,1000,16
10032623,200,1000,16
10032624,100,1000,16
10032701,400,1000,17
10032702,300,1000,17
10032703,200,1000,17
10032704,100,1000,17
10032705,400,1000,17
10032706,300,1000,17
10032707,200,1000,17
10032708,100,1000,17
10032709,400,1000,17
10032710,300,1000,17
10032711,200,1000,17
10032712,100,1000,17
10032713,400,1000,17
10032714,300,1000,17
10032715,200,1000,17
10032716,100,1000,17
10032717,400,1000,17
10032718,300,1000,17
10032719,200,1000,17
10032720,100,1000,17
10032721,400,1000,17
10032722,300,1000,17
10032723,200,1000,17
10032724,100,1000,17
10033,1000,1000,1
1003301,118541,4200000,1
1003303,148176,4200000,1
1003304,148176,4200000,1
1003305,148176,4200000,1
1003307,42,5000000,1
1003308,6586,4200000,1
1003309,59270,4200000,1
10034,1000,1000,1
1003402,208499,4200000,1
1003403,130312,4200000,1
1003404,130312,4200000,1
1003405,130312,4200000,1
1003407,15,5000000,1
1003409,104250,4200000,1
10035,1000,1000,1
1003502,317520,4200000,1
1003503,198450,4200000,1
1003504,198450,4200000,1
1003505,198450,4200000,1
1003507,23,5000000,1
1003509,158760,4200000,1
10036,1000,1000,1
1003601,253781,4200000,1
1003602,253781,4200000,1
1003603,211484,4200000,1
1003604,211484,4200000,1
1003605,33320,560000,1
1003607,45,5000000,1
1003608,14099,4200000,1
1003609,126890,4200000,1
1003701,180880,4200000,1
1003704,150733,4200000,1
1003705,26009,560000,1
1003706,3230,750000,1
1003707,32,5000000,1
1003708,9135,4200000,1
1003709,90440,4200000,1
1003801,240979,4200000,1
1003802,240979,4200000,1
1003803,200816,4200000,1
1003804,200816,4200000,1
1003805,33320,560000,1
1003807,43,5000000,1
1003808,13388,4200000,1
1003809,120490,4200000,1
1003901,166925,4200000,1
1003902,166925,4200000,1
1003903,208656,4200000,1
1003904,208656,4200000,1
1003907,119,5000000,1
1003908,9274,4200000,1
1003909,83462,4200000,1
1004001,60502,4200000,1
1004002,60502,4200000,1
1004003,75628,4200000,1
1004004,75628,4200000,1
1004005,11527,560000,1
1004006,1351,750000,1
1004007,22,5000000,1
1004008,3361,4200000,1
1004009,30251,4200000,1
1004101,87494,4200000,1
1004104,72912,4200000,1
1004105,11107,560000,1
1004106,1736,750000,1
1004107,16,5000000,1
1004108,4861,4200000,1
1004109,43747,4200000,1
1004201,91930,4200000,1
1004202,91930,4200000,1
1004204,76608,4200000,1
1004205,13004,560000,1
1004207,16,5000000,1
1004208,4643,4200000,1
1004209,45965,4200000,1
1004301,262483,4200000,1
1004302,262483,4200000,1
1004304,218736,4200000,1
1004305,33320,560000,1
1004307,47,5000000,1
1004308,13257,4200000,1
1004309,131242,4200000,1
1004401,27518,4200000,1
1004404,68796,4200000,1
1004405,68796,4200000,1
1004407,49,5000000,1
1004408,1529,4200000,1
1004409,13759,4200000,1
1004501,71971,4200000,1
1004502,71971,4200000,1
1004503,179928,4200000,1
1004504,179928,4200000,1
1004507,129,5000000,1
1004508,3998,4200000,1
1004509,35986,4200000,1
1004601,31170,4200000,1
1004602,31170,4200000,1
1004603,77924,4200000,1
1004604,77924,4200000,1
1004605,14280,560000,1
1004607,56,5000000,1
1004608,1732,4200000,1
1004609,15585,4200000,1
1004701,33062,4200000,1
1004703,82656,4200000,1
1004704,82656,4200000,1
1004705,14280,560000,1
1004706,1181,750000,1
1004707,59,5000000,1
1004708,1837,4200000,1
1004709,16531,4200000,1
1004801,58643,4200000,1
1004804,146608,4200000,1
1004805,146608,4200000,1
1004807,105,5000000,1
1004808,3258,4200000,1
1004809,29322,4200000,1
1004901,70000,4200000,1
1004904,175000,4200000,1
1004905,175000,4200000,1
1004907,125,5000000,1
1004908,3889,4200000,1
1004909,35000,4200000,1
1005001,163475,4200000,1
1005002,163475,4200000,1
1005003,136229,4200000,1
1005004,136229,4200000,1
1005005,136229,4200000,1
1005007,29,5000000,1
1005008,9082,4200000,1
1005009,81738,4200000,1
1005010,6,5000000,1
1005101,49795,4200000,1
1005102,49795,4200000,1
1005103,124488,4200000,1
1005104,124488,4200000,1
1005106,1778,750000,1
1005107,89,5000000,1
1005108,2766,4200000,1
1005109,24898,4200000,1
1005201,60480,4200000,1
1005203,151200,4200000,1
1005204,151200,4200000,1
1005207,108,5000000,1
1005208,3360,4200000,1
1005209,30240,4200000,1
1005301,160653,4200000,1
1005302,160653,4200000,1
1005303,133877,4200000,1
1005304,133877,4200000,1
1005305,22213,560000,1
1005307,29,5000000,1
1005308,8925,4200000,1
1005309,80326,4200000,1
1005401,36982,4200000,1
1005402,36982,4200000,1
1005404,92456,4200000,1
1005405,92456,4200000,1
1005407,66,5000000,1
1005408,2055,4200000,1
1005409,18491,4200000,1
1005501,41082,4200000,1
1005502,41082,4200000,1
1005504,102704,4200000,1
1005505,102704,4200000,1
1005507,29,5000000,1
1005508,2282,4200000,1
1005509,20541,4200000,1
1005601,39010,4200000,1
1005602,39010,4200000,1
1005603,97524,4200000,1
1005604,97524,4200000,1
1005605,14280,560000,1
1005607,70,5000000,1
1005608,2167,4200000,1
1005609,19505,4200000,1
1005701,41082,4200000,1
1005702,41082,4200000,1
1005703,51352,4200000,1
1005704,51352,4200000,1
1005705,9240,560000,1
1005707,29,5000000,1
1005708,2282,4200000,1
1005709,20541,4200000,1
1005801,42134,4200000,1
1005802,42134,4200000,1
1005804,52668,4200000,1
1005805,9240,560000,1
1005807,30,5000000,1
1005808,2341,4200000,1
1005809,21067,4200000,1
1005901,44274,4200000,1
1005902,44274,4200000,1
1005903,110684,4200000,1
1005904,110684,4200000,1
1005905,18480,560000,1
1005906,1318,750000,1
1005907,32,5000000,1
1005908,2460,4200000,1
1005909,22137,4200000,1
1006001,47566,4200000,1
1006002,47566,4200000,1
1006004,59458,4200000,1
1006005,9240,560000,1
1006006,1213,750000,1
1006007,34,5000000,1
1006008,2643,4200000,1
1006009,23783,4200000,1
1006101,99635,4200000,1
1006104,124544,4200000,1
1006105,124544,4200000,1
1006107,71,5000000,1
1006108,5535,4200000,1
1006109,49818,4200000,1
1006201,436531,4200000,1
1006203,181888,4200000,1
1006204,181888,4200000,1
1006205,181888,4200000,1
1006207,16,5000000,1
1006208,24251,4200000,1
1006209,218265,4200000,1
1006301,75981,4200000,1
1006303,189952,4200000,1
1006304,189952,4200000,1
1006306,2261,750000,1
1006307,136,5000000,1
1006308,4221,4200000,1
1006309,37990,4200000,1
1006401,52114,4200000,1
1006404,65142,4200000,1
1006405,11527,560000,1
1006407,37,5000000,1
1006408,2895,4200000,1
1006409,26057,4200000,1
1006501,45360,4200000,1
1006502,45360,4200000,1
1006503,56700,4200000,1
1006504,56700,4200000,1
1006505,9240,560000,1
1006507,32,5000000,1
1006508,2520,4200000,1
1006509,22680,4200000,1
1006601,46458,4200000,1
1006602,46458,4200000,1
1006603,116144,4200000,1
1006604,116144,4200000,1
1006605,18480,560000,1
1006607,33,5000000,1
1006608,2581,4200000,1
1006609,23229,4200000,1
1006701,143662,4200000,1
1006702,143662,4200000,1
1006704,59859,4200000,1
1006705,59859,4200000,1
1006707,5,5000000,1
1006708,15962,4200000,1
1006709,71831,4200000,1
1006801,65542,4200000,1
1006802,65542,4200000,1
1006803,81928,4200000,1
1006804,81928,4200000,1
1006805,81928,4200000,1
1006807,23,5000000,1
1006808,3641,4200000,1
1006809,32771,4200000,1
1006901,66830,4200000,1
1006902,66830,4200000,1
1006903,83538,4200000,1
1006904,83538,4200000,1
1006905,14000,560000,1
1006907,24,5000000,1
1006908,3713,4200000,1
1006909,33415,4200000,1
1007101,69440,4200000,1
1007102,69440,4200000,1
1007103,86800,4200000,1
1007104,86800,4200000,1
1007105,86800,4200000,1
1007107,25,5000000,1
1007108,3858,4200000,1
1007109,34720,4200000,1
1007201,141523,4200000,1
1007202,141523,4200000,1
1007203,117936,4200000,1
1007204,117936,4200000,1
1007205,18667,560000,1
1007207,51,5000000,1
1007208,7862,4200000,1
1007209,70762,4200000,1
1007301,73438,4200000,1
1007302,73438,4200000,1
1007303,91798,4200000,1
1007304,91798,4200000,1
1007305,14000,560000,1
1007307,26,5000000,1
1007308,4080,4200000,1
1007309,36719,4200000,1
1007401,224381,4200000,1
1007402,224381,4200000,1
1007403,186984,4200000,1
1007404,186984,4200000,1
1007405,28000,560000,1
1007407,80,5000000,1
1007408,12466,4200000,1
1007409,112190,4200000,1
1007501,155075,4200000,1
1007502,155075,4200000,1
1007503,129229,4200000,1
1007504,129229,4200000,1
1007505,129229,4200000,1
1007507,28,5000000,1
1007508,8615,4200000,1
1007509,77538,4200000,1
1007601,76160,4200000,1
1007602,76160,4200000,1
1007603,63467,4200000,1
1007604,63467,4200000,1
1007605,11107,560000,1
1007607,27,5000000,1
1007608,4231,4200000,1
1007609,38080,4200000,1
1007701,317520,4200000,1
1007702,317520,4200000,1
1007703,132300,4200000,1
1007704,132300,4200000,1
1007705,132300,4200000,1
1007707,11,5000000,1
1007708,17640,4200000,1
1007709,158760,4200000,1
1007801,86038,4200000,1
1007802,86038,4200000,1
1007803,71699,4200000,1
1007804,71699,4200000,1
1007805,71699,4200000,1
1007807,15,5000000,1
1007808,4780,4200000,1
1007809,43019,4200000,1
1007901,88962,4200000,1
1007902,88962,4200000,1
1007903,74135,4200000,1
1007904,74135,4200000,1
1007905,11107,560000,1
1007906,1589,750000,1
1007907,16,5000000,1
1007908,4942,4200000,1
1007909,44481,4200000,1
1008001,63000,4200000,1
1008002,63000,4200000,1
1008003,78750,4200000,1
1008004,78750,4200000,1
1008005,78750,4200000,1
1008007,23,5000000,1
1008008,3500,4200000,1
1008009,31500,4200000,1
1008101,64266,4200000,1
1008102,64266,4200000,1
1008103,80332,4200000,1
1008104,80332,4200000,1
1008105,80332,4200000,1
1008107,23,5000000,1
1008108,3570,4200000,1
1008109,32133,4200000,1
1008201,68130,4200000,1
1008202,68130,4200000,1
1008203,85162,4200000,1
1008204,85162,4200000,1
1008205,85162,4200000,1
1008207,24,5000000,1
1008208,3785,4200000,1
1008209,34065,4200000,1
1008301,69440,4200000,1
1008302,69440,4200000,1
1008303,86800,4200000,1
1008304,86800,4200000,1
1008305,86800,4200000,1
1008307,25,5000000,1
1008308,3858,4200000,1
1008309,34720,4200000,1
1008401,40040,4200000,1
1008404,100100,4200000,1
1008405,100100,4200000,1
1008407,72,5000000,1
1008408,2224,4200000,1
1008409,20020,4200000,1
1008501,48686,4200000,1
1008502,48686,4200000,1
1008504,60858,4200000,1
1008505,9240,560000,1
1008506,1242,750000,1
1008507,35,5000000,1
1008508,2705,4200000,1
1008509,24343,4200000,1
1008601,77538,4200000,1
1008602,77538,4200000,1
1008603,64615,4200000,1
1008604,64615,4200000,1
1008605,11107,560000,1
1008606,1385,750000,1
1008607,14,5000000,1
1008608,4308,4200000,1
1008609,38769,4200000,1
1008701,97373,4200000,1
1008704,121716,4200000,1
1008705,121716,4200000,1
1008707,70,5000000,1
1008708,5410,4200000,1
1008709,48686,4200000,1
1008801,90720,4200000,1
1008804,113400,4200000,1
1008805,113400,4200000,1
1008807,65,5000000,1
1008808,5040,4200000,1
1008809,45360,4200000,1
1008901,169187,4200000,1
1008903,140989,4200000,1
1008904,140989,4200000,1
1008905,140989,4200000,1
1008907,30,5000000,1
1008908,9399,4200000,1
1008909,84594,4200000,1
1009001,172077,4200000,1
1009003,143397,4200000,1
1009004,143397,4200000,1
1009005,143397,4200000,1
1009007,31,5000000,1
1009008,9560,4200000,1
1009009,86038,4200000,1
1009101,177923,4200000,1
1009102,177923,4200000,1
1009103,148269,4200000,1
1009104,148269,4200000,1
1009105,148269,4200000,1
1009107,32,5000000,1
1009108,9885,4200000,1
1009109,88962,4200000,1
1009201,90440,4200000,1
1009202,90440,4200000,1
1009203,75367,4200000,1
1009204,75367,4200000,1
1009205,75367,4200000,1
1009207,16,5000000,1
1009208,5024,4200000,1
1009209,45220,4200000,1
1009301,47566,4200000,1
1009302,47566,4200000,1
1009303,59458,4200000,1
1009304,59458,4200000,1
1009305,9240,560000,1
1009307,34,5000000,1
1009308,2643,4200000,1
1009309,23783,4200000,1
1009401,101920,4200000,1
1009404,127400,4200000,1
1009405,127400,4200000,1
1009407,73,5000000,1
1009408,5662,4200000,1
1009409,50960,4200000,1
1009501,156341,4200000,1
1009504,195426,4200000,1
1009505,34580,560000,1
1009507,112,5000000,1
1009508,7896,4200000,1
1009509,78170,4200000,1
1009601,403771,4200000,1
1009603,201885,4200000,1
1009604,201885,4200000,1
1009605,201885,4200000,1
1009607,20,5000000,1
1009608,22431,4200000,1
1009609,201885,4200000,1
1009701,166320,4200000,1
1009704,138600,4200000,1
1009705,22213,560000,1
1009707,30,5000000,1
1009708,9240,4200000,1
1009709,83160,4200000,1
1009801,133661,4200000,1
1009804,167076,4200000,1
1009805,167076,4200000,1
1009807,48,5000000,1
1009808,7426,4200000,1
1009809,66830,4200000,1
1009901,123491,4200000,1
1009903,154364,4200000,1
1009904,154364,4200000,1
1009905,154364,4200000,1
1009907,44,5000000,1
1009908,6861,4200000,1
1009909,61746,4200000,1
1010001,141523,4200000,1
1010003,117936,4200000,1
1010004,117936,4200000,1
1010005,117936,4200000,1
1010007,51,5000000,1
1010008,7862,4200000,1
1010009,70762,4200000,1
1010101,144189,4200000,1
1010103,120157,4200000,1
1010104,120157,4200000,1
1010105,120157,4200000,1
1010107,51,5000000,1
1010108,8010,4200000,1
1010109,72094,4200000,1
1010201,202205,4200000,1
1010203,126378,4200000,1
1010204,126378,4200000,1
1010205,126378,4200000,1
1010206,3283,750000,1
1010207,14,5000000,1
1010208,11234,4200000,1
1010209,101102,4200000,1
1010301,220315,4200000,1
1010304,183596,4200000,1
1010305,28000,560000,1
1010306,4371,750000,1
1010307,79,5000000,1
1010308,12240,4200000,1
1010309,110158,4200000,1
1010401,224381,4200000,1
1010402,224381,4200000,1
1010403,186984,4200000,1
1010404,186984,4200000,1
1010405,28000,560000,1
1010406,4452,750000,1
1010407,80,5000000,1
1010408,12466,4200000,1
1010409,112190,4200000,1
1010501,159835,4200000,1
1010503,199794,4200000,1
1010504,199794,4200000,1
1010505,199794,4200000,1
1010506,4077,750000,1
1010507,114,5000000,1
1010508,8880,4200000,1
1010509,79918,4200000,1
1010601,108909,4200000,1
1010602,108909,4200000,1
1010603,136136,4200000,1
1010604,136136,4200000,1
1010607,78,5000000,1
1010608,6050,4200000,1
1010609,54454,4200000,1
1010701,170520,4200000,1
1010702,170520,4200000,1
1010703,213150,4200000,1
1010704,213150,4200000,1
1010705,34580,560000,1
1010707,122,5000000,1
1010708,9473,4200000,1
1010709,85260,4200000,1
1010801,196627,4200000,1
1010804,245784,4200000,1
1010805,245784,4200000,1
1010807,70,5000000,1
1010808,10924,4200000,1
1010809,98314,4200000,1
1010901,189885,4200000,1
1010902,189885,4200000,1
1010903,158237,4200000,1
1010904,158237,4200000,1
1010905,158237,4200000,1
1010907,34,5000000,1
1010908,10549,4200000,1
1010909,94942,4200000,1
1011001,196000,4200000,1
1011002,196000,4200000,1
1011003,122500,4200000,1
1011004,122500,4200000,1
1011005,122500,4200000,1
1011007,35,5000000,1
1011008,10889,4200000,1
1011009,98000,4200000,1
1011101,183859,4200000,1
1011102,183859,4200000,1
1011103,153216,4200000,1
1011104,153216,4200000,1
1011105,153216,4200000,1
1011107,33,5000000,1
1011108,10214,4200000,1
1011109,91930,4200000,1
1011201,202205,4200000,1
1011203,126378,4200000,1
1011204,126378,4200000,1
1011205,126378,4200000,1
1011207,14,5000000,1
1011208,11234,4200000,1
1011209,101102,4200000,1
1011301,208499,4200000,1
1011302,208499,4200000,1
1011303,130312,4200000,1
1011304,130312,4200000,1
1011305,130312,4200000,1
1011307,15,5000000,1
1011308,11583,4200000,1
1011309,104250,4200000,1
1011401,107442,4200000,1
1011403,67151,4200000,1
1011404,67151,4200000,1
1011405,67151,4200000,1
1011407,8,5000000,1
1011408,5969,4200000,1
1011409,53721,4200000,1
1011501,227920,4200000,1
1011502,227920,4200000,1
1011503,142450,4200000,1
1011504,142450,4200000,1
1011505,142450,4200000,1
1011506,18993,4200000,1
1011507,17,5000000,1
1011508,12662,4200000,1
1011509,113960,4200000,1
1011601,152320,4200000,1
1011602,152320,4200000,1
1011603,126933,4200000,1
1011604,126933,4200000,1
1011605,126933,4200000,1
1011607,54,5000000,1
1011608,8462,4200000,1
1011609,76160,4200000,1
1011701,157853,4200000,1
1011703,131544,4200000,1
1011704,131544,4200000,1
1011705,131544,4200000,1
1011707,28,5000000,1
1011708,8770,4200000,1
1011709,78926,4200000,1
1011801,216283,4200000,1
1011802,216283,4200000,1
1011803,180236,4200000,1
1011804,180236,4200000,1
1011805,28000,560000,1
1011807,77,5000000,1
1011808,12016,4200000,1
1011809,108142,4200000,1
1011901,245213,4200000,1
1011902,245213,4200000,1
1011903,204344,4200000,1
1011904,204344,4200000,1
1011905,33320,560000,1
1011907,44,5000000,1
1011908,13623,4200000,1
1011909,122606,4200000,1
1012001,280291,4200000,1
1012004,233576,4200000,1
1012005,39013,560000,1
1012007,50,5000000,1
1012008,15572,4200000,1
1012009,140146,4200000,1
1012101,294000,4200000,1
1012102,294000,4200000,1
1012103,245000,4200000,1
1012104,245000,4200000,1
1012105,39013,560000,1
1012107,53,5000000,1
1012108,16333,4200000,1
1012109,147000,4200000,1
1012201,298637,4200000,1
1012203,186648,4200000,1
1012204,186648,4200000,1
1012205,186648,4200000,1
1012207,21,5000000,1
1012208,16591,4200000,1
1012209,149318,4200000,1
1012301,221357,4200000,1
1012302,221357,4200000,1
1012303,138348,4200000,1
1012304,138348,4200000,1
1012305,22540,560000,1
1012306,3593,750000,1
1012307,16,5000000,1
1012308,12298,4200000,1
1012309,110678,4200000,1
1012401,224627,4200000,1
1012403,140392,4200000,1
1012404,140392,4200000,1
1012405,22540,560000,1
1012406,3647,750000,1
1012407,16,5000000,1
1012408,12479,4200000,1
1012409,112314,4200000,1
1012501,50960,4200000,1
1012502,50960,4200000,1
1012503,127400,4200000,1
1012504,127400,4200000,1
1012505,23053,560000,1
1012507,36,5000000,1
1012508,2831,4200000,1
1012509,25480,4200000,1
1012601,237933,4200000,1
1012602,237933,4200000,1
1012603,148708,4200000,1
1012604,148708,4200000,1
1012605,148708,4200000,1
1012607,17,5000000,1
1012608,13218,4200000,1
1012609,118966,4200000,1
1012701,346853,4200000,1
1012702,346853,4200000,1
1012703,216783,4200000,1
1012704,216783,4200000,1
1012705,216783,4200000,1
1012707,25,5000000,1
1012708,19270,4200000,1
1012709,173426,4200000,1
1012801,189885,4200000,1
1012802,189885,4200000,1
1012803,118678,4200000,1
1012804,118678,4200000,1
1012805,118678,4200000,1
1012807,34,5000000,1
1012808,10549,4200000,1
1012809,94942,4200000,1
1012901,199091,4200000,1
1012903,124432,4200000,1
1012904,124432,4200000,1
1012905,124432,4200000,1
1012907,14,5000000,1
1012908,11061,4200000,1
1012909,99546,4200000,1
1013001,109054,4200000,1
1013002,109054,4200000,1
1013003,68159,4200000,1
1013004,68159,4200000,1
1013005,68159,4200000,1
1013007,8,5000000,1
1013008,6059,4200000,1
1013009,54527,4200000,1
1013101,227920,4200000,1
1013102,227920,4200000,1
1013103,142450,4200000,1
1013104,142450,4200000,1
1013105,142450,4200000,1
1013107,16,5000000,1
1013108,12662,4200000,1
1013109,113960,4200000,1
1013201,96466,4200000,1
1013202,96466,4200000,1
1013204,80388,4200000,1
1013205,13004,560000,1
1013207,17,5000000,1
1013208,4872,4200000,1
1013209,48233,4200000,1
1013301,102670,4200000,1
1013303,85559,4200000,1
1013304,85559,4200000,1
1013305,85559,4200000,1
1013307,7,5000000,1
1013308,5704,4200000,1
1013309,51335,4200000,1
1013401,110678,4200000,1
1013403,69174,4200000,1
1013404,69174,4200000,1
1013405,69174,4200000,1
1013407,8,5000000,1
1013408,6149,4200000,1
1013409,55339,4200000,1
1013501,351859,4200000,1
1013504,219912,4200000,1
1013505,219912,4200000,1
1013506,29321,4200000,1
1013507,26,5000000,1
1013508,19548,4200000,1
1013509,175930,4200000,1
1013601,125798,4200000,1
1013603,62899,4200000,1
1013604,62899,4200000,1
1013605,62899,4200000,1
1013606,9676,4200000,1
1013607,6,5000000,1
1013608,6988,4200000,1
1013609,62899,4200000,1
1013701,131040,4200000,1
1013702,131040,4200000,1
1013703,65520,4200000,1
1013704,65520,4200000,1
1013705,65520,4200000,1
1013706,10080,4200000,1
1013707,7,5000000,1
1013708,7280,4200000,1
1013709,65520,4200000,1
1013801,255068,4200000,1
1013803,127534,4200000,1
1013804,127534,4200000,1
1013805,127534,4200000,1
1013807,13,5000000,1
1013808,14170,4200000,1
1013809,127534,4200000,1
1013901,258563,4200000,1
1013903,129281,4200000,1
1013904,129281,4200000,1
1013905,129281,4200000,1
1013906,19889,4200000,1
1013907,13,5000000,1
1013908,14364,4200000,1
1013909,129281,4200000,1
1014101,276371,4200000,1
1014102,276371,4200000,1
1014103,138185,4200000,1
1014104,138185,4200000,1
1014105,138185,4200000,1
1014106,21259,4200000,1
1014107,14,5000000,1
1014108,15353,4200000,1
1014109,138185,4200000,1
1014201,420000,4200000,1
1014204,210000,4200000,1
1014205,210000,4200000,1
1014206,32307,4200000,1
1014207,21,5000000,1
1014208,23333,4200000,1
1014209,210000,4200000,1
1014301,60502,4200000,1
1014304,75628,4200000,1
1014305,11527,560000,1
1014306,1351,750000,1
1014307,22,5000000,1
1014308,3361,4200000,1
1014309,30251,4200000,1
1014401,398427,4200000,1
1014403,199212,4200000,1
1014404,199212,4200000,1
1014405,199212,4200000,1
1014406,30648,4200000,1
1014407,21,5000000,1
1014408,22134,4200000,1
1014409,199212,4200000,1
1014501,128531,4200000,1
1014504,160664,4200000,1
1014505,160664,4200000,1
1014507,46,5000000,1
1014508,7141,4200000,1
1014509,64266,4200000,1
1014701,44274,4200000,1
1014703,110684,4200000,1
1014704,110684,4200000,1
1014705,18480,560000,1
1014707,32,5000000,1
1014708,2460,4200000,1
1014709,22137,4200000,1
1014801,99635,4200000,1
1014804,124544,4200000,1
1014805,124544,4200000,1
1014807,71,5000000,1
1014808,5535,4200000,1
1014809,49818,4200000,1
1014901,86397,4200000,1
1014902,86397,4200000,1
1014903,215992,4200000,1
1014904,215992,4200000,1
1014905,36960,560000,1
1014907,62,5000000,1
1014908,4800,4200000,1
1014909,43198,4200000,1
1015001,174149,4200000,1
1015003,217686,4200000,1
1015004,217686,4200000,1
1015005,217686,4200000,1
1015007,62,5000000,1
1015008,9675,4200000,1
1015009,87074,4200000,1
1015101,105840,4200000,1
1015103,66150,4200000,1
1015104,66150,4200000,1
1015105,66150,4200000,1
1015107,8,5000000,1
1015108,5880,4200000,1
1015109,52920,4200000,1
1015201,20754,4200000,1
1015202,20754,4200000,1
1015203,51884,4200000,1
1015204,51884,4200000,1
1015207,37,5000000,1
1015208,1153,4200000,1
1015209,10377,4200000,1
1015401,249480,4200000,1
1015403,207900,4200000,1
1015404,207900,4200000,1
1015405,33320,560000,1
1015407,45,5000000,1
1015408,13860,4200000,1
1015409,124740,4200000,1
1015501,308011,4200000,1
1015504,256676,4200000,1
1015505,256676,4200000,1
1015507,22,5000000,1
1015508,17112,4200000,1
1015509,154006,4200000,1
1015701,192931,4200000,1
1015704,160776,4200000,1
1015705,26009,560000,1
1015707,34,5000000,1
1015708,10718,4200000,1
1015709,96466,4200000,1
1015801,93430,4200000,1
1015802,93430,4200000,1
1015803,77859,4200000,1
1015804,77859,4200000,1
1015805,13004,560000,1
1015807,17,5000000,1
1015808,5191,4200000,1
1015809,46715,4200000,1
1015901,356899,4200000,1
1015902,356899,4200000,1
1015903,223062,4200000,1
1015904,223062,4200000,1
1015905,223062,4200000,1
1015906,29741,4200000,1
1015907,26,5000000,1
1015908,19828,4200000,1
1015909,178450,4200000,1
1016201,100,1000,1
1016301,241315,4200000,1
1016302,241315,4200000,1
1016304,150822,4200000,1
1016305,150822,4200000,1
1016307,18,5000000,1
1016308,13406,4200000,1
1016309,120657,4200000,1
1016401,367080,4200000,1
1016404,229425,4200000,1
1016405,229425,4200000,1
1016406,30590,4200000,1
1016407,27,5000000,1
1016408,20393,4200000,1
1016409,183540,4200000,1
1016501,100,1000,1
1016601,107441,4200000,1
1016602,107441,4200000,1
1016603,67151,4200000,1
1016604,67151,4200000,1
1016605,67151,4200000,1
1016606,8953,4200000,1
1016607,8,5000000,1
1016608,5968,4200000,1
1016609,53720,4200000,1
1016701,251596,4200000,1
1016704,157248,4200000,1
1016705,157248,4200000,1
1016707,12,5000000,1
1016708,13977,4200000,1
1016709,125798,4200000,1
1016801,218108,4200000,1
1016804,136318,4200000,1
1016805,136318,4200000,1
1016807,16,5000000,1
1016808,12117,4200000,1
1016809,109054,4200000,1
1017001,262080,4200000,1
1017003,163800,4200000,1
1017004,163800,4200000,1
1017005,163800,4200000,1
1017007,13,5000000,1
1017008,14560,4200000,1
1017009,131040,4200000,1
1017101,346852,4200000,1
1017102,346852,4200000,1
1017103,216783,4200000,1
1017104,216783,4200000,1
1017105,216783,4200000,1
1017107,25,5000000,1
1017108,19269,4200000,1
1017109,173426,4200000,1
1017201,241315,4200000,1
1017204,150822,4200000,1
1017205,150822,4200000,1
1017207,18,5000000,1
1017208,13406,4200000,1
1017209,120657,4200000,1
10173,2,5000000,1
1017301,124074,4200000,1
1017302,124074,4200000,1
1017303,62037,4200000,1
1017304,62036,4200000,1
1017305,62036,4200000,1
1017306,9544,4200000,1
1017307,6,5000000,1
1017308,6893,4200000,1
1017309,62037,4200000,1
10174,4,5000000,1
10175,6,5000000,1
1017501,398428,4200000,1
1017502,398428,4200000,1
1017503,199214,4200000,1
1017504,199214,4200000,1
1017505,199214,4200000,1
1017507,20,5000000,1
1017508,22134,4200000,1
1017509,199214,4200000,1
1017901,117286,4200000,1
1017903,73304,4200000,1
1017904,73304,4200000,1
1017906,9773,4200000,1
1017907,9,5000000,1
1017908,6515,4200000,1
1017909,58643,4200000,1
1018001,134590,4200000,1
1018004,67295,4200000,1
1018005,67295,4200000,1
1018006,10353,4200000,1
1018007,7,5000000,1
1018008,7477,4200000,1
1018009,67295,4200000,1
1018201,124073,4200000,1
1018202,124073,4200000,1
1018203,77546,4200000,1
1018204,77546,4200000,1
1018207,6,5000000,1
1018208,6892,4200000,1
1018209,62036,4200000,1
1018401,409147,4200000,1
1018403,204573,4200000,1
1018404,204573,4200000,1
1018405,204573,4200000,1
1018407,20,5000000,1
1018408,22730,4200000,1
1018409,204573,4200000,1
1018501,276371,4200000,1
1018503,138185,4200000,1
1018504,138185,4200000,1
1018505,138185,4200000,1
1018507,14,5000000,1
1018508,15353,4200000,1
1018509,138185,4200000,1
1018701,255068,4200000,1
1018704,159418,4200000,1
1018705,159418,4200000,1
1018707,13,5000000,1
1018708,14170,4200000,1
1018709,127534,4200000,1
1019001,367080,4200000,1
1019003,229425,4200000,1
1019004,229425,4200000,1
1019005,229425,4200000,1
1019007,27,5000000,1
1019008,20393,4200000,1
1019009,183540,4200000,1
1019201,420000,4200000,1
1019203,210000,4200000,1
1019204,210000,4200000,1
1019205,210000,4200000,1
1019206,32307,4200000,1
1019207,21,5000000,1
1019208,23333,4200000,1
1019209,210000,4200000,1
1019301,272764,4200000,1
1019302,272764,4200000,1
1019305,136382,4200000,1
1019306,20981,4200000,1
1019307,14,5000000,1
1019308,15153,4200000,1
1019309,136382,4200000,1
1019401,387844,4200000,1
1019404,242403,4200000,1
1019405,242403,4200000,1
1019406,32320,4200000,1
1019407,19,5000000,1
1019408,21546,4200000,1
1019409,193922,4200000,1
1019501,336940,4200000,1
1019505,210588,4200000,1
1019506,28078,4200000,1
1019507,25,5000000,1
1019508,18718,4200000,1
1019509,168470,4200000,1
1019601,149240,4200000,1
1019602,149240,4200000,1
1019604,62183,4200000,1
1019605,62183,4200000,1
1019607,5,5000000,1
1019608,8291,4200000,1
1019609,74620,4200000,1
1019701,156833,4200000,1
1019702,156833,4200000,1
1019703,65347,4200000,1
1019704,65347,4200000,1
1019705,65347,4200000,1
1019707,6,5000000,1
1019708,8712,4200000,1
1019709,78416,4200000,1
1019801,291020,4200000,1
1019802,291020,4200000,1
1019803,121258,4200000,1
1019804,121258,4200000,1
1019805,121258,4200000,1
1019807,10,5000000,1
1019808,16167,4200000,1
1019809,145510,4200000,1
1019901,141825,4200000,1
1019902,141825,4200000,1
1019903,59094,4200000,1
1019904,59094,4200000,1
1019905,59094,4200000,1
1019907,5,5000000,1
1019908,7879,4200000,1
1019909,70912,4200000,1
1020001,309836,4200000,1
1020002,309836,4200000,1
1020003,129098,4200000,1
1020004,129098,4200000,1
1020005,129098,4200000,1
1020007,11,5000000,1
1020008,17213,4200000,1
1020009,154918,4200000,1
1020101,294739,4200000,1
1020102,294739,4200000,1
1020103,122808,4200000,1
1020104,122808,4200000,1
1020105,122808,4200000,1
1020107,10,5000000,1
1020108,16374,4200000,1
1020109,147369,4200000,1
1020201,287324,4200000,1
1020202,287324,4200000,1
1020204,119718,4200000,1
1020205,119718,4200000,1
1020207,10,5000000,1
1020208,15962,4200000,1
1020209,143662,4200000,1
1020301,306028,4200000,1
1020302,306028,4200000,1
1020303,127512,4200000,1
1020304,127512,4200000,1
1020305,127512,4200000,1
1020307,11,5000000,1
1020308,1000,4200000,1
1020309,153014,4200000,1
102040011,1000,1000,1
102040041,1000,1000,1
102040061,1000,1000,1
102040071,1000,1000,1
1020401,153014,4200000,1
10204017,1000,1000,1
102040181,1000,1000,1
10204026,1000,1000,1
10204027,1000,1000,1
10204028,1000,1000,1
10204029,1000,1000,1
1020404,63756,4200000,1
1020405,63756,4200000,1
10204057,1000,1000,1
10204058,1000,1000,1
10204059,1000,1000,1
10204060,1000,1000,1
10204061,1000,1000,1
10204062,1000,1000,1
10204063,1000,1000,1
1020407,5,5000000,1
1020408,8500,4200000,1
1020409,76507,4200000,1
10204106,1000,1000,1
10204107,1000,1000,1
10204108,1000,1000,1
10204109,1000,1000,1
10204110,1000,1000,1
10204111,1000,1000,1
10204117,1000,1000,1
10204134,1000,1000,1
10204135,1000,1000,1
10204160,1000,1000,1
10204161,1000,1000,1
102041811,1000,1000,1
102041812,200,1000,1
102041813,20,1000,1
102041814,45,10000,1
10204183,1000,1000,1
10204186,1000,1000,1
10204187,1000,1000,1
10204188,1000,1000,1
10204191,1000,1000,1
10204192,1000,1000,1
10204193,1000,1000,1
10204194,1000,1000,1
10204208,1000,1000,1
10204211,1000,1000,1
1020501,141825,4200000,1
1020502,141825,4200000,1
1020503,59094,4200000,1
1020505,59094,4200000,1
1020507,5,5000000,1
1020508,7879,4200000,1
1020509,70912,4200000,1
1020601,309836,4200000,1
1020603,129098,4200000,1
1020604,129098,4200000,1
1020605,129098,4200000,1
1020607,11,5000000,1
1020608,17213,4200000,1
1020609,154918,4200000,1
1020701,147369,4200000,1
1020702,147369,4200000,1
1020703,61404,4200000,1
1020705,61404,4200000,1
1020707,5,5000000,1
1020708,8187,4200000,1
1020709,73684,4200000,1
1020801,453364,4200000,1
1020802,453364,4200000,1
1020803,188902,4200000,1
1020805,188902,4200000,1
1020807,16,5000000,1
1020808,25186,4200000,1
1020809,226682,4200000,1
1020901,447720,4200000,1
1020903,186550,4200000,1
1020904,186550,4200000,1
1020905,186550,4200000,1
1020907,16,5000000,1
1020908,24873,4200000,1
1020909,223860,4200000,1
1021001,302243,4200000,1
1021002,302243,4200000,1
1021003,125934,4200000,1
1021005,125934,4200000,1
1021007,11,5000000,1
1021008,16791,4200000,1
1021009,151121,4200000,1
1021101,476280,4200000,1
1021104,198450,4200000,1
1021105,198450,4200000,1
1021107,17,5000000,1
1021108,26460,4200000,1
1021109,238140,4200000,1
1021201,313667,4200000,1
1021202,313667,4200000,1
1021204,130694,4200000,1
1021205,130694,4200000,1
1021207,11,5000000,1
1021208,17425,4200000,1
1021209,156833,4200000,1
1021401,80267,1000000,1
1021404,28667,1000000,1
1021405,28667,1000000,1
1021407,10,5000000,1
1021408,40133,1000000,1
1021409,40133,1000000,1
1021501,127600,1000000,1
1021504,45571,1000000,1
1021505,45571,1000000,1
1021507,16,5000000,1
1021508,63800,1000000,1
1021509,63800,1000000,1
1021701,38261,1000000,1
1021702,38261,1000000,1
1021703,13665,1000000,1
1021704,13665,1000000,1
1021706,2733,1000000,1
1021707,5,5000000,1
1021708,19131,1000000,1
1021709,19131,1000000,1
1021901,42048,1000000,1
1021903,15017,1000000,1
102190321,1000,1000,1
102190322,110,1000,1
102190323,1,10000,1
102190324,1000,1000,1
102190325,1101,10000,1
102190326,1,10000,1
1021904,15017,1000000,1
10219048,1000,1000,1
1021905,15017,1000000,1
1021907,5,5000000,1
1021908,21024,1000000,1
1021909,21024,1000000,1
102191691,1000,1000,1
102191692,1101,10000,1
102191693,1,10000,1
102191722,1000,1000,1
102191742,1000,1000,1
102191751,1000,1000,1
10219181,1000,1000,1
102192001,1000,1000,1
102192011,1000,1000,1
10219236,1000,1000,1
102192361,1000,1000,1
10219237,1000,1000,1
10219248,1000,1000,1
10219263,1000,1000,1
10219306,1000,1000,1
102193761,1000,1000,1
102194001,1000,1000,1
102194011,1000,1000,1
102194021,1000,1000,1
10219430,1000,1000,1
10219431,1000,1000,1
10219476,1000,1000,1
10219510,1000,1000,1
10219517,1000,1000,1
10219518,1000,1000,1
10219519,1000,1000,1
10219520,1000,1000,1
10219528,1000,1000,1
1022001,83131,1000000,1
1022002,83131,1000000,1
1022003,29690,1000000,1
1022004,29690,1000000,1
1022005,29690,1000000,1
1022007,10,5000000,1
1022008,41565,1000000,1
1022009,41565,1000000,1
102210011,1000,1000,1
1022101,38725,1000000,1
1022103,13830,1000000,1
1022104,13830,1000000,1
1022105,13830,1000000,1
1022107,5,5000000,1
1022108,19363,1000000,1
1022109,19363,1000000,1
1022301,78384,1000000,1
1022303,27994,1000000,1
1022305,27994,1000000,1
1022306,5599,1000000,1
1022307,10,5000000,1
1022308,39192,1000000,1
1022309,39192,1000000,1
1022401,79323,1000000,1
1022402,79323,1000000,1
1022404,28330,1000000,1
1022405,28330,1000000,1
1022406,5666,1000000,1
1022407,10,5000000,1
1022408,39661,1000000,1
1022409,39661,1000000,1
1022501,38261,1000000,1
1022502,38261,1000000,1
1022504,13665,1000000,1
1022505,13665,1000000,1
1022507,5,5000000,1
1022508,19131,1000000,1
1022509,19131,1000000,1
1022601,121824,1000000,1
1022603,43509,1000000,1
1022604,43509,1000000,1
1022605,43509,1000000,1
1022607,15,5000000,1
1022608,60912,1000000,1
1022609,60912,1000000,1
1022701,85067,1000000,1
1022703,30381,1000000,1
1022705,30381,1000000,1
1022707,11,5000000,1
1022708,42533,1000000,1
1022709,42533,1000000,1
1022801,78384,1000000,1
1022803,27994,1000000,1
1022805,27994,1000000,1
1022807,10,5000000,1
1022808,39192,1000000,1
1022809,39192,1000000,1
1022901,82171,1000000,1
1022902,82171,1000000,1
1022903,29347,1000000,1
1022904,29347,1000000,1
1022905,29347,1000000,1
1022907,10,5000000,1
1022908,41085,1000000,1
1022909,41085,1000000,1
1023001,126144,1000000,1
1023003,45051,1000000,1
1023005,45051,1000000,1
1023007,16,5000000,1
1023008,63072,1000000,1
1023009,63072,1000000,1
1023101,81216,1000000,1
1023104,29006,1000000,1
1023105,29006,1000000,1
1023107,10,5000000,1
1023108,40608,1000000,1
1023109,40608,1000000,1
1023201,79323,1000000,1
1023202,79323,1000000,1
1023203,28330,1000000,1
1023204,28330,1000000,1
1023205,28330,1000000,1
1023207,10,5000000,1
1023208,39661,1000000,1
1023209,39661,1000000,1
1023301,80267,1000000,1
1023302,80267,1000000,1
1023303,28667,1000000,1
1023304,28667,1000000,1
1023305,28667,1000000,1
1023307,10,5000000,1
1023308,40133,1000000,1
1023309,40133,1000000,1
1023401,82171,1000000,1
1023402,82171,1000000,1
1023403,29347,1000000,1
1023404,29347,1000000,1
1023405,29347,1000000,1
1023407,10,5000000,1
1023408,41085,1000000,1
1023409,41085,1000000,1
1023501,83131,1000000,1
1023502,83131,1000000,1
1023504,29690,1000000,1
1023505,29690,1000000,1
1023507,10,5000000,1
1023508,41565,1000000,1
1023509,41565,1000000,1
1023601,116176,1000000,1
1023602,116176,1000000,1
1023603,41491,1000000,1
1023604,41491,1000000,1
1023605,41491,1000000,1
1023607,15,5000000,1
1023608,58088,1000000,1
1023609,58088,1000000,1
10307,1000,1000,1
10509,1000,1000,10
10510,1000,1000,5
10511,1000,1000,3
10707,150,10000,1
10708,300,10000,1
10709,450,10000,1
109000541,1000,1000,1
109000542,1000,1000,1
109000543,1000,1000,1
10907005,1000,1000,1
10912008,1000,1000,1
10912009,1000,1000,1
10912019,1,10000,1
1106011115,1000,1000,1
1106011116,1000,1000,1
1106011117,1000,1000,1
1106011118,1000,1000,1
1106011156,1000,1000,1
1106011157,1000,1000,1
1106011158,1000,1000,1
1106011162,1000,1000,1
1106011163,1000,1000,1
1106011261,1000,1000,1
1106011262,1000,1000,1
1106011263,1000,1000,1
1106011264,1000,1000,1
1106011265,1000,1000,1
1106011266,1000,1000,1
1106011267,1000,1000,1
1106011268,1000,1000,1
1106011269,1000,1000,1
1106011270,1000,1000,1
1106011271,1000,1000,1
1106011272,1000,1000,1
1106011330,1000,1000,1
1106011331,1000,1000,1
1106011335,1000,1000,1
1106011343,1000,1000,1
1106011344,1000,1000,1
1106011345,80,1000,1
1106011346,80,1000,1
1106011347,80,1000,1
1106011348,80,1000,1
1106011349,80,1000,1
1106011350,80,1000,1
1106011351,1000,1000,1
1106011707,1000,1000,1
1106011708,1000,1000,1
1999801,500,1000,1
200000,400,1000,6
200001,0,100000,1
200002,0,100000,1
200003,0,100000,1
200004,0,100000,1
200005,0,100000,1
200006,0,100000,1
200007,0,100000,1
200008,14,100,2
200009,14,100,2
200010,14,100,2
200011,14,100,2
200012,14,100,2
200013,35,1000,2
200014,35,1000,2
200015,35,1000,2
200016,35,1000,2
200017,35,1000,2
200018,14,1000,2
200019,14,1000,2
200020,14,1000,2
200021,25,1000,2
200022,25,1000,2
200023,25,1000,2
200024,25,1000,2
200025,25,1000,2
200026,25,1000,2
200027,25,1000,2
200028,25,1000,2
200029,25,1000,2
200030,25,1000,2
200031,25,1000,2
200032,25,1000,2
200033,25,1000,2
200034,25,1000,2
200035,25,1000,2
200036,25,1000,2
200037,25,1000,2
200038,25,1000,2
200039,25,1000,2
200040,25,1000,2
201000,60,100,6
201001,20,100,1
201002,20,100,1
201003,20,100,1
201004,20,100,1
201005,20,100,1
201007,20,100,1
201008,20,100,1
201009,20,100,1
201010,20,100,1
201012,20,100,1
201013,20,100,1
201100,60,100,6
201101,9,100,1
201102,9,100,1
201103,18,100,1
201104,18,100,1
201105,18,100,1
201106,6,100,1
201107,9,100,1
201108,9,100,1
201109,9,100,1
201110,9,100,1
201111,6,100,1
201112,60,1000,1
201113,60,1000,1
201114,60,1000,1
201115,60,1000,1
201116,60,1000,1
201117,60,1000,1
201118,12,100,1
201119,6,100,1
201120,6,100,1
201121,9,100,1
201122,9,100,1
20120,1000,1000,1
201200,100,100,12
201202,1000,1000,1
201205,12,100,1
201206,12,100,1
201207,12,100,1
201208,12,100,1
201209,12,100,1
201210,12,100,1
201211,12,100,1
201212,12,100,1
201213,12,100,1
201214,12,100,1
201215,12,100,1
201216,6,100,1
201217,6,100,1
201218,6,100,1
201219,8,100,1
201220,6,100,1
201221,4,100,1
201222,4,100,1
201223,4,100,1
201224,4,100,1
201225,4,100,1
201226,4,100,1
201227,4,100,1
201228,4,100,1
201229,12,100,1
201230,12,100,1
201231,12,100,1
201232,6,100,1
201233,6,100,1
201234,4,100,1
201235,4,100,1
201236,6,100,1
201237,6,100,1
201301,33,1000000,1
201302,10033,1000000,1
201303,200,1000000,1
201304,40200,1000000,1
201401,2,100,2
201402,2,100,2
201403,2,100,2
201404,2,100,2
201405,2,100,2
201406,2,100,2
201407,2,100,2
201408,2,100,2
201409,2,100,2
201410,2,100,2
201411,2,100,2
201412,2,100,2
201413,2,100,2
201414,2,100,2
201415,2,100,2
201416,2,1000,2
201417,2,1000,2
201418,2,1000,2
202000,100,100,6
202001,15,100,1
202002,15,100,1
202003,15,100,1
202004,15,100,1
202005,15,100,1
202007,15,100,1
202008,15,100,1
202009,15,100,1
202010,15,100,1
202011,150,1000,1
202012,150,1000,1
202100,100,100,6
202101,675,10000,1
202102,675,10000,1
202103,135,1000,1
202104,135,1000,1
202105,135,1000,1
202106,45,1000,1
202107,675,10000,1
202108,675,10000,1
202109,675,10000,1
202110,675,10000,1
202111,45,1000,1
202112,45,1000,1
202113,45,1000,1
202114,9,100,1
202115,45,1000,1
202116,45,1000,1
202117,45,1000,1
202118,45,1000,1
202119,45,1000,1
202120,45,1000,1
202121,675,10000,1
202122,675,10000,1
202200,5,100000,1
202201,100,100,12
202202,1000,1000,1
202205,6,100,1
202206,6,100,1
202207,6,100,1
202208,6,100,1
202209,6,100,1
202210,6,100,1
202211,6,100,1
202212,6,100,1
202213,6,100,1
202214,6,100,1
202215,6,100,1
202216,3,100,1
202217,3,100,1
202218,3,100,1
202219,4,100,1
202220,3,100,1
202221,2,100,1
202222,2,100,1
202223,2,100,1
202224,2,100,1
202225,2,100,1
202226,2,100,1
202227,2,100,1
202228,2,100,1
202229,6,100,1
202230,6,100,1
202231,6,100,1
202232,3,100,1
202233,3,100,1
202234,2,100,1
202235,2,100,1
202236,3,100,1
202237,3,100,1
202300,30,1000,1
202301,33,1000000,1
202302,10033,1000000,1
202303,1000,1000,1
202304,1000,1000,1
202305,600,1000,9
202306,200,1000000,1
202307,1000,1000,1
202308,1000,1000,1
202309,40200,1000000,1
202310,20,1000,1
202401,2,100,2
202402,2,100,2
202403,2,100,2
202404,2,100,2
202405,2,100,2
202406,2,100,2
202407,2,100,2
202408,2,100,2
202409,2,100,2
202410,2,100,2
202411,2,100,2
202412,2,100,2
202413,2,100,2
202414,2,100,2
202415,2,100,2
202416,2,1000,2
202417,2,1000,2
202418,2,1000,2
203000,100,100,6
203001,10,100,1
203002,10,100,1
203003,10,100,1
203004,10,100,1
203005,10,100,1
203007,10,100,1
203008,10,100,1
203009,10,100,1
203010,10,100,1
203011,10,100,1
203012,10,100,1
203100,100,100,6
203101,45,1000,1
203102,45,1000,1
203103,9,100,1
203104,9,100,1
203105,9,100,1
203106,3,100,1
203107,45,1000,1
203108,45,1000,1
203109,45,1000,1
203110,45,1000,1
203111,3,100,1
203112,3,100,1
203113,3,100,1
203114,3,100,1
203115,3,100,1
203116,3,100,1
203117,3,100,1
203118,6,100,1
203119,3,100,1
203120,3,100,1
203121,45,1000,1
203122,45,1000,1
203200,100,100,12
203202,1000,1000,1
203205,32,1000,1
203206,32,1000,1
203207,32,1000,1
203208,32,1000,1
203209,32,1000,1
203210,32,1000,1
203211,32,1000,1
203212,32,1000,1
203213,32,1000,1
203214,32,1000,1
203215,32,1000,1
203216,16,1000,1
203217,16,1000,1
203218,16,1000,1
203219,213,10000,1
203220,16,1000,1
203221,106,10000,1
203222,106,10000,1
203223,106,10000,1
203224,106,10000,1
203225,106,10000,1
203226,106,10000,1
203227,106,10000,1
203228,106,10000,1
203229,32,1000,1
203230,32,1000,1
203231,32,1000,1
203232,16,1000,1
203233,16,1000,1
203234,106,10000,1
203235,106,10000,1
203236,16,1000,1
203237,16,1000,1
203301,33,1000000,1
203302,10033,1000000,1
203303,200,1000000,1
203304,40200,1000000,1
203401,2,100,2
203402,2,100,2
203403,2,100,2
203404,2,100,2
203405,2,100,2
203406,2,100,2
203407,2,100,2
203408,2,100,2
203409,2,100,2
203410,2,100,2
203411,2,100,2
203412,2,100,2
203413,1,100,2
203414,1,100,2
203415,1,100,2
203416,2,1000,2
203417,2,1000,2
203418,2,1000,2
204000,100,100,6
204001,5,100,1
204002,5,100,1
204003,5,100,1
204004,5,100,1
204005,5,100,1
204007,5,100,1
204008,5,100,1
204009,5,100,1
204010,5,100,1
204011,5,100,1
204012,5,100,1
204100,100,100,6
204101,225,10000,1
204102,225,10000,1
204103,45,1000,1
204104,45,1000,1
204105,15,1000,1
204106,45,1000,1
204107,225,10000,1
204108,225,10000,1
204109,225,10000,1
204110,225,10000,1
204111,15,1000,1
204112,15,1000,1
204113,15,1000,1
204114,15,1000,1
204115,15,1000,1
204116,15,1000,1
204117,15,1000,1
204118,3,100,1
204119,15,1000,1
204120,15,1000,1
204121,225,10000,1
204122,225,10000,1
204200,100,100,12
204202,1000,1000,1
204205,1620,100000,1
204206,1620,100000,1
204207,1620,100000,1
204208,1620,100000,1
204209,1620,100000,1
204210,1620,100000,1
204211,1620,100000,1
204212,1620,100000,1
204213,1620,100000,1
204214,1620,100000,1
204215,1620,100000,1
204216,810,100000,1
204217,810,100000,1
204218,810,100000,1
204219,1080,100000,1
204220,810,100000,1
204221,540,100000,1
204222,540,100000,1
204223,540,100000,1
204224,540,100000,1
204225,540,100000,1
204226,540,100000,1
204227,540,100000,1
204228,540,100000,1
204229,540,100000,1
204230,540,100000,1
204231,540,100000,1
204232,540,100000,1
204233,540,100000,1
204234,540,100000,1
204235,810,100000,1
204236,810,100000,1
204301,33,1000000,1
204302,10033,1000000,1
204303,200,1000000,1
204304,40200,1000000,1
204401,2,100,2
204402,2,100,2
204403,2,100,2
204404,2,100,2
204405,2,100,2
204406,2,100,2
204407,2,100,2
204408,2,100,2
204409,2,100,2
204410,2,100,2
204411,2,100,2
204412,2,100,2
204413,5,1000,2
204414,5,1000,2
204415,5,1000,2
204416,2,1000,2
204417,2,1000,2
204418,2,1000,2
205000,100,100,6
205001,25,1000,1
205002,25,1000,1
205003,25,1000,1
205004,25,1000,1
205005,25,1000,1
205007,25,1000,1
205008,25,1000,1
205009,25,1000,1
205010,25,1000,1
205011,25,1000,1
205012,25,1000,1
205100,100,100,6
205101,1125,100000,1
205102,1125,100000,1
205103,225,10000,1
205104,225,10000,1
205105,75,10000,1
205106,225,10000,1
205107,113,10000,1
205108,113,10000,1
205109,113,10000,1
205110,113,10000,1
205111,75,10000,1
205112,75,10000,1
205113,75,10000,1
205114,75,10000,1
205115,75,10000,1
205116,75,10000,1
205117,75,10000,1
205118,15,1000,1
205119,75,10000,1
205120,75,10000,1
205121,113,10000,1
205122,113,10000,1
205200,100,100,12
205202,1000,1000,1
205205,672,100000,1
205206,672,100000,1
205207,672,100000,1
205208,672,100000,1
205209,672,100000,1
205210,672,100000,1
205211,672,100000,1
205212,672,100000,1
205213,672,100000,1
205214,672,100000,1
205215,672,100000,1
205216,336,100000,1
205217,336,100000,1
205218,336,100000,1
205219,448,100000,1
205220,336,100000,1
205221,224,100000,1
205222,224,100000,1
205223,224,100000,1
205224,224,100000,1
205225,224,100000,1
205226,224,100000,1
205227,224,100000,1
205228,224,100000,1
205229,224,100000,1
205230,224,100000,1
205231,672,100000,1
205232,672,100000,1
205233,336,100000,1
205234,336,100000,1
205235,336,100000,1
205236,336,100000,1
205301,33,1000000,1
205302,10033,1000000,1
205303,200,1000000,1
205304,40200,1000000,1
205305,64,1000000,1
205401,2,100,2
205402,2,100,2
205403,2,100,2
205404,2,100,2
205405,2,100,2
205406,2,100,2
205407,2,100,2
205408,2,100,2
205409,2,100,2
205410,2,100,2
205411,2,100,2
205412,2,100,2
205413,25,10000,2
205414,25,10000,2
205415,25,10000,2
205416,2,1000,2
205417,2,1000,2
205418,2,1000,2
206000,100,100,6
206001,125,10000,1
206002,125,10000,1
206003,125,10000,1
206004,125,10000,1
206006,125,10000,1
206007,125,10000,1
206008,125,10000,1
206009,125,10000,1
206010,125,10000,1
206011,125,10000,1
206012,125,10000,1
206100,100,100,6
206101,56,10000,1
206102,56,10000,1
206103,56,10000,1
206104,38,10000,1
206105,38,10000,1
206106,38,10000,1
206107,38,10000,1
206108,38,10000,1
206109,38,10000,1
206110,38,10000,1
206111,75,10000,1
206112,56,10000,1
206113,56,10000,1
206114,113,10000,1
206115,113,10000,1
206116,113,10000,1
206117,38,10000,1
206118,56,10000,1
206119,38,10000,1
206120,38,10000,1
206121,56,10000,1
206122,56,10000,1
206200,100,100,12
206202,1000,1000,1
206205,333,100000,1
206206,333,100000,1
206207,333,100000,1
206208,333,100000,1
206209,333,100000,1
206210,333,100000,1
206211,333,100000,1
206212,333,100000,1
206213,333,100000,1
206214,333,100000,1
206215,333,100000,1
206216,170,100000,1
206217,170,100000,1
206218,170,100000,1
206219,220,100000,1
206220,170,100000,1
206221,110,100000,1
206222,110,100000,1
206223,110,100000,1
206224,110,100000,1
206225,110,100000,1
206226,110,100000,1
206227,110,100000,1
206228,110,100000,1
206229,110,100000,1
206230,110,100000,1
206231,330,100000,1
206232,330,100000,1
206233,330,100000,1
206234,170,100000,1
206235,170,100000,1
206236,170,100000,1
206237,170,100000,1
206301,33,1000000,1
206302,10033,1000000,1
206303,200,1000000,1
206304,40200,1000000,1
206401,2,100,2
206402,2,100,2
206403,2,100,2
206404,2,100,2
206405,2,100,2
206406,2,100,2
206407,2,100,2
206408,2,100,2
206409,2,100,2
206410,2,100,2
206411,2,100,2
206412,2,100,2
206413,1,1000,2
206414,1,1000,2
206415,1,1000,2
206416,2,1000,2
206417,2,1000,2
206418,2,1000,2
207000,100,100,6
207001,85,10000,1
207002,85,10000,1
207003,85,10000,1
207004,85,10000,1
207005,85,10000,1
207006,85,10000,1
207007,85,10000,1
207008,85,10000,1
207009,85,10000,1
207010,85,10000,1
207011,85,10000,1
207100,100,100,6
207101,38,10000,1
207102,38,10000,1
207103,38,10000,1
207104,51,10000,1
207105,38,10000,1
207106,26,10000,1
207107,26,10000,1
207108,26,10000,1
207109,26,10000,1
207110,26,10000,1
207111,26,10000,1
207112,26,10000,1
207113,26,10000,1
207114,77,10000,1
207115,77,10000,1
207116,38,10000,1
207117,38,10000,1
207118,26,10000,1
207119,26,10000,1
207120,38,10000,1
207121,38,10000,1
207301,33,1000000,1
207302,10033,1000000,1
208000,1000,1000,6
208001,333,10000000,1
208002,10033,1000000,1
208004,68,10000,1
208005,68,10000,1
208006,68,10000,1
208007,68,10000,1
208008,68,10000,1
208009,68,10000,1
208010,68,10000,1
208011,68,10000,1
208012,68,10000,1
208013,68,10000,1
208014,68,10000,1
208100,1000,1000,6
208101,333,10000000,1
208102,333,10000000,1
208103,10,1000,1
208104,31,10000,1
208105,31,10000,1
208106,31,10000,1
208107,41,10000,1
208108,31,10000,1
208109,20,10000,1
208110,20,10000,1
208111,20,10000,1
208112,20,10000,1
208113,20,10000,1
208114,20,10000,1
208115,20,10000,1
208116,20,10000,1
208117,61,10000,1
208118,61,10000,1
208119,38,10000,1
208120,31,10000,1
208121,153,100000,1
208122,153,100000,1
208123,153,100000,1
208124,153,100000,1
208125,153,100000,1
208126,153,100000,1
208127,153,100000,1
208128,153,100000,1
208129,153,100000,1
208130,153,100000,1
208131,153,100000,1
208132,15,10000,1
208133,15,10000,1
208134,23,10000,1
208135,23,10000,1
209006,20,10000,1
209007,1000,10000,1
209008,4000,10000,1
209009,4000,10000,1
209010,10000,10000,1
209011,2500,10000,1
209012,2500,10000,1
209013,2500,10000,1
209014,2500,10000,1
209015,5000,10000,1
209016,4000,10000,3
209017,10000,10000,1
209018,100,10000,1
209019,50,1000000,1
209020,350,10000000,1
209021,350,10000000,1
209022,350,10000000,1
209023,350,10000000,1
209024,350,10000000,1
209025,350,10000000,1
209026,10000,10000,2
209027,5000,10000,3
209028,10000,10000,1
209100,1000,1000,6
209101,333,10000000,1
209102,100333,10000000,1
209103,54,10000,1
209104,54,10000,1
209105,54,10000,1
209106,54,10000,1
209107,54,10000,1
209108,54,10000,1
209109,54,10000,1
209110,54,10000,1
209111,54,10000,1
209112,54,10000,1
209113,54,10000,1
209200,1000,1000,6
209201,333,10000000,1
209202,100333,10000000,1
209203,1836,1000000,1
209204,1836,1000000,1
209205,1836,1000000,1
209206,2754,1000000,1
209207,1836,1000000,1
209208,1224,1000000,1
209209,1224,1000000,1
209210,1224,1000000,1
209211,1224,1000000,1
209212,1224,1000000,1
209213,1224,1000000,1
209214,1224,1000000,1
209215,1224,1000000,1
209216,3672,1000000,1
209217,3672,1000000,1
209218,1836,1000000,1
209219,1836,1000000,1
209220,12,10000,1
209221,12,10000,1
209222,18,10000,1
209223,18,10000,1
3000017,1000,1000,1
3000018,1000,1000,1
3000019,1000,1000,1
3000020,1000,1000,1
3000021,1000,1000,1
3000022,1000,1000,1
3000023,1000,1000,1
3000024,1000,1000,1
3000025,1000,1000,1
3000026,1000,1000,1
3000027,1000,1000,1
3000028,1000,1000,1
3000029,1000,1000,1
3000030,1000,1000,1
3000031,1000,1000,1
3000032,1000,1000,1
3000033,1000,1000,1
3000034,1000,1000,1
3000035,1000,1000,1
3000036,1000,1000,1
3000037,1000,1000,1
3000038,1000,1000,1
3000039,1000,1000,1
3000040,1000,1000,1
3000041,1000,1000,1
3000042,1000,1000,1
3000043,1000,1000,1
3000044,1000,1000,1
3000061,60,100,10
3000062,60,100,10
3000063,60,100,10
3000064,60,100,10
3000065,60,100,10
3000066,60,100,10
3000067,60,100,10
3000068,60,100,10
3000069,60,100,10
3000070,3,1000,1
3000071,3,1000,1
3000072,3,1000,1
3000073,3,1000,1
3000074,3,1000,1
3000075,3,1000,1
3000076,3,1000,1
3000077,3,1000,1
3000078,3,1000,1
3000089,100,1000,1
3000098,9,1000,1
30001,100,10000,1
3000100,100,1000,1
3000101,1000,100000,1
3000102,1000,100000,1
3000103,9000,100000,1
3000104,10000,1000000,1
3000105,10000,1000000,1
3000106,5000,1000000,1
3000107,5000,1000000,1
3000108,1000,100000,1
3000109,10000,10000,1
3000110,10000,10000,1
3000111,10000,10000,1
3000112,3600,1000000,1
3000113,3600,1000000,1
3000114,12500,1000000,1
3000115,100,1000,1
3000116,100,1000,1
3000117,100,1000,1
3000118,100,1000,1
3000119,100,1000,1
3000120,100,1000,1
30002,200,10000,1
30003,300,10000,1
3000301,1000,100000,1
3000302,1000,100000,1
3000303,9000,100000,1
3000304,10000,1000000,1
3000305,10000,1000000,1
3000306,5000,1000000,1
3000307,5000,1000000,1
3000308,1000,100000,1
3000309,10000,10000,1
3000310,10000,10000,1
3000311,10000,10000,1
3000312,3600,1000000,1
3000313,3600,1000000,1
3000314,12500,1000000,1
3000315,50000,1000000,1
30004,100,10000,1
30005,200,10000,1
30006,300,10000,1
30007,50,10000,1
3000701,500,100000,1
3000702,500,100000,1
3000703,4500,100000,1
3000704,20000,1000000,1
3000705,20000,1000000,1
3000706,20000,1000000,1
3000707,20000,1000000,1
3000708,500,100000,1
3000709,10000,10000,1
3000710,10000,10000,1
3000711,10000,10000,1
3000712,12500,1000000,1
3000713,20,1000,1
30008,100,10000,1
3000801,500,100000,1
3000802,500,100000,1
3000803,4500,100000,1
3000804,20000,1000000,1
3000805,20000,1000000,1
3000806,20000,1000000,1
3000807,20000,1000000,1
3000808,500,100000,1
3000809,10000,10000,1
3000810,10000,10000,1
3000811,10000,10000,1
3000812,12500,1000000,1
3000813,5000,100000,1
3000814,100,100000,1
3000815,225,10000,1
3000816,225,10000,1
30009,150,10000,1
3000901,500,100000,1
3000902,500,100000,1
3000903,4500,100000,1
3000904,8000,1000000,1
3000905,8000,1000000,1
3000906,8000,1000000,1
3000907,8000,1000000,1
3000908,500,100000,1
3000909,10000,10000,1
3000910,10000,10000,1
3000911,10000,10000,1
3000912,12500,1000000,1
3000913,8,1000,1
30010,25,10000,1
3001001,500,100000,1
3001002,500,100000,1
3001003,4500,100000,1
3001004,25000,1000000,1
3001005,25000,1000000,1
3001006,50000,1000000,1
3001007,25000,1000000,1
3001008,500,100000,1
3001009,10000,10000,1
3001010,10000,10000,1
3001011,10000,10000,1
3001012,12500,1000000,1
3001013,15,1000,1
30011,50,10000,1
30012,75,10000,1
3001201,500,100000,1
3001202,500,100000,1
3001203,4500,100000,1
3001204,8000,1000000,1
3001205,8000,1000000,1
3001206,8000,1000000,1
3001207,8000,1000000,1
3001208,500,100000,1
3001209,10000,10000,1
3001210,10000,10000,1
3001211,10000,10000,1
3001212,12500,1000000,1
3001213,90,10000,1
3001214,90,10000,1
30013,250,10000,1
30014,175,10000,1
3001401,250,100000,1
3001402,250,100000,1
3001403,2250,100000,1
3001404,250,100000,1
3001405,250,100000,1
3001406,250,100000,1
3001407,250,100000,1
3001408,500,100000,1
3001409,375,100000,1
3001410,375,100000,1
3001411,375,100000,1
3001412,250,100000,1
3001413,100000,100000,1
3001414,2,1000,1
3001415,38,10000,1
30015,291,10000,1
3001501,500,100000,1
3001502,500,100000,1
3001503,4500,100000,1
3001504,6000,1000000,1
3001505,9000,1000000,1
3001506,9000,1000000,1
3001507,8000,1000000,1
3001508,500,100000,1
3001509,10000,10000,1
3001510,10000,10000,1
3001511,10000,10000,1
3001512,6000,1000000,1
3001513,12500,1000000,1
30016,200,10000,1
30017,80,10000,1
3001701,500,100000,1
3001702,500,100000,1
3001703,4500,100000,1
3001704,10000,1000000,1
3001705,10000,1000000,1
3001706,20000,1000000,1
3001707,10000,1000000,1
3001708,500,100000,1
3001709,10000,10000,1
3001710,10000,10000,1
3001711,10000,10000,1
3001712,12500,1000000,1
3001713,5,1000,1
30018,133,10000,1
30019,150,10000,1
3001901,200,100000,1
3001902,200,100000,1
3001903,1800,100000,1
3001904,200,100000,1
3001905,200,100000,1
3001906,200,100000,1
3001907,200,100000,1
3001908,300,100000,1
3001909,300,100000,1
3001910,300,100000,1
3001911,200,100000,1
3001912,100000,100000,1
3001913,2,1000,1
3001914,3,1000,1
30020,90,10000,1
3002001,250,100000,1
3002002,250,100000,1
3002003,2250,100000,1
3002004,250,100000,1
3002005,250,100000,1
3002006,250,100000,1
3002007,250,100000,1
3002008,375,100000,1
3002009,375,100000,1
3002010,375,100000,1
3002011,250,100000,1
3002012,100000,100000,1
3002013,25,10000,1
3002014,38,10000,1
30021,100,10000,1
3002101,250,100000,1
3002102,250,100000,1
3002103,2250,100000,1
3002104,600,100000,1
3002105,600,100000,1
3002106,300,100000,1
3002107,300,100000,1
3002108,500,100000,1
3002109,100000,100000,1
30022,583,10000,1
3002201,2,1000,1
3002202,2,1000,1
3002203,2,1000,1
3002204,2,1000,1
3002205,3,1000,1
3002206,3,1000,1
3002207,3,1000,1
3002208,2,1000,1
3002209,2,1000,1
3002211,2,1000,1
3002212,2,1000,1
3002213,18,1000,1
3002214,2,1000,1
3002215,5,1000,1
3002299,1000,1000,1
30023,350,10000,1
3002301,500,100000,1
3002302,500,100000,1
3002303,4500,100000,1
3002304,15000,1000000,1
3002305,22500,1000000,1
3002306,22500,1000000,1
3002307,20000,1000000,1
3002308,500,100000,1
3002309,10000,10000,1
3002310,10000,10000,1
3002311,10000,10000,1
3002312,15000,1000000,1
3002313,12500,1000000,1
30024,400,10000,1
3002401,2,1000,1
3002402,2,1000,1
3002403,18,1000,1
3002404,2,1000,1
3002405,2,1000,1
3002406,2,1000,1
3002407,2,1000,1
3002408,3,1000,1
3002409,3,1000,1
3002410,3,1000,1
3002411,2,1000,1
3002412,1000,1000,1
3002413,2,1000,1
3002414,3,1000,1
30025,160,10000,1
3002501,2,1000,1
3002502,2,1000,1
3002503,18,1000,1
3002504,2,1000,1
3002505,2,1000,1
3002506,2,1000,1
3002507,2,1000,1
3002508,4,1000,1
3002509,3,1000,1
3002510,3,1000,1
3002511,3,1000,1
3002512,2,1000,1
3002513,1000,1000,1
3002514,2,1000,1
3002515,3,1000,1
30026,266,10000,1
3002601,2,1000,1
3002602,2,1000,1
3002603,2,1000,1
3002604,2,1000,1
3002605,4,1000,1
3002606,3,1000,1
3002607,3,1000,1
3002608,3,1000,1
3002609,2,1000,1
3002610,2,1000,1
3002612,2,1000,1
3002613,18,1000,1
3002614,2,1000,1
3002615,2,1000,1
3002616,5,1000,1
3002699,1000,1000,1
30027,180,10000,1
30028,300,10000,1
30029,333,10000,1
30030,375,10000,1
30031,225,10000,1
3003101,200,100000,1
3003102,200,100000,1
3003103,1800,100000,1
3003104,200,100000,1
3003105,200,100000,1
3003106,200,100000,1
3003107,200,100000,1
3003108,400,100000,1
3003109,300,100000,1
3003110,300,100000,1
3003111,300,100000,1
3003112,200,100000,1
3003113,100000,100000,1
3003114,2,1000,1
3003115,3,1000,1
30032,262,10000,1
30033,437,10000,1
30034,120,10000,1
30035,200,10000,1
30036,135,10000,1
30037,250,10000,1
30038,75,10000,1
30039,50,10000,1
30040,87,10000,1
30041,29,10000,1
30042,58,10000,1
30043,66,10000,1
30044,33,10000,1
30045,26,10000,1
30046,13,10000,1
30047,40,10000,1
30048,45,10000,1
30049,30,10000,1
30050,15,10000,1
30051,16,10000,1
30052,266,10000,1
30053,400,10000,1
30054,450,10000,1
30055,300,10000,1
30056,500,10000,1
30057,333,10000,1
30058,266,10000,1
30059,400,10000,1
30060,133,10000,1
30061,450,10000,1
30062,300,10000,1
30063,150,10000,1
30064,500,10000,1
30065,66,10000,1
30066,75,10000,1
30067,133,10000,1
30068,150,10000,1
30069,166,10000,1
30070,225,10000,1
30071,250,10000,1
30072,37,10000,1
30073,42,10000,1
30074,46,10000,1
30075,75,10000,1
30076,84,10000,1
30077,112,10000,1
30078,126,10000,1
30079,133,10000,1
30080,75,10000,1
30081,225,10000,1
30082,150,10000,1
30083,75,10000,1
3009001,8330,100000,1
3009002,8330,100000,1
3009003,8330,100000,1
3009004,19000,100000,1
3009005,6000,100000,1
3009101,12500,100000,1
3009102,12500,100000,1
3009103,12500,100000,1
3009104,19000,100000,1
3009105,6000,100000,1
3009901,100000,100000,1
3009902,8330,100000,1
3009903,8330,100000,1
3009904,8330,100000,1
31000,5,1000,1
3100101,1000,100000,1
3100102,1000,100000,1
3100103,9000,100000,1
3100104,10000,1000000,1
3100105,10000,1000000,1
3100106,5000,1000000,1
3100107,5000,1000000,1
3100108,1000,100000,1
3100109,10000,10000,1
3100110,10000,10000,1
3100111,10000,10000,1
3100112,3600,1000000,1
3100113,3600,1000000,1
3100114,12500,1000000,1
3100201,1000,100000,1
3100202,1000,100000,1
3100203,9000,100000,1
3100204,20000,1000000,1
3100205,20000,1000000,1
3100206,20000,1000000,1
3100207,15000,1000000,1
3100208,1000,100000,1
3100209,10000,10000,1
3100210,10000,10000,1
3100211,10000,10000,1
3100212,15000,1000000,1
3100213,900,100000,1
3100214,12500,1000000,1
3100301,10,1000,1
3100303,1,1000,1
3100304,100,1000,1
3100401,1000,100000,1
3100402,1000,100000,1
3100403,9000,100000,1
3100404,30000,1000000,1
3100405,30000,1000000,1
3100406,15000,1000000,1
3100407,15000,1000000,1
3100408,1000,100000,1
3100409,10000,10000,1
3100410,10000,10000,1
3100411,10000,10000,1
3100412,900,100000,1
3100413,900,100000,1
3100414,12500,1000000,1
3100501,250,100000,1
3100502,250,100000,1
3100503,2250,100000,1
3100504,600,100000,1
3100505,600,100000,1
3100506,300,100000,1
3100507,300,100000,1
3100508,500,100000,1
3100509,100000,100000,1
3100601,1000,100000,1
3100602,1000,100000,1
3100603,9000,100000,1
3100604,20000,1000000,1
3100605,20000,1000000,1
3100606,20000,1000000,1
3100607,20000,1000000,1
3100608,20000,1000000,1
3100609,20000,1000000,1
3100610,1000,100000,1
3100611,10000,10000,1
3100612,10000,10000,1
3100613,10000,10000,1
3100614,12500,1000000,1
3100801,1000,100000,1
3100802,1000,100000,1
3100803,9000,100000,1
3100804,20000,1000000,1
3100805,20000,1000000,1
3100806,20000,1000000,1
3100807,15000,1000000,1
3100808,1000,100000,1
3100809,10000,10000,1
3100810,10000,10000,1
3100811,10000,10000,1
3100812,15000,1000000,1
3100813,900,100000,1
3100814,12500,1000000,1
3100901,1000,100000,1
3100902,1000,100000,1
3100903,9000,100000,1
3100904,10000,1000000,1
3100905,10000,1000000,1
3100906,5000,1000000,1
3100907,5000,1000000,1
3100908,7200,1000000,1
3100909,7200,1000000,1
3100910,1000,100000,1
3100911,10000,10000,1
3100912,10000,10000,1
3100913,10000,10000,1
3100914,12500,1000000,1
3101001,200,100000,1
3101002,200,100000,1
3101003,1800,100000,1
3101004,480,100000,1
3101005,480,100000,1
3101006,240,100000,1
3101007,240,100000,1
3101008,250,100000,1
3101009,100000,100000,1
3101101,200,100000,1
3101102,200,100000,1
3101103,1800,100000,1
3101104,480,100000,1
3101105,480,100000,1
3101106,240,100000,1
3101107,240,100000,1
3101108,250,100000,1
3101109,100000,100000,1
3101201,2,1000,1
3101202,2,1000,1
3101203,18,1000,1
3101204,48,10000,1
3101205,48,10000,1
3101206,24,10000,1
3101207,24,10000,1
3101208,25,10000,1
3101209,1000,1000,1
3101401,2,1000,1
3101402,2,1000,1
3101403,18,1000,1
3101404,48,10000,1
3101405,48,10000,1
3101406,24,10000,1
3101407,24,10000,1
3101408,24,10000,1
3101409,1000,1000,1
3101501,48,10000,1
3101502,48,10000,1
3101503,24,10000,1
3101504,24,10000,1
3101506,25,10000,1
3101507,2,1000,1
3101508,18,1000,1
3101509,2,1000,1
3101510,5,1000,1
3101599,1000,1000,1
3101601,48,10000,1
3101602,48,10000,1
3101603,24,10000,1
3101604,24,10000,1
3101606,25,10000,1
3101607,2,1000,1
3101608,18,1000,1
3101609,2,1000,1
3101610,5,1000,1
3101699,1000,1000,1
32001,17,10000,1
32002,35,10000,1
32003,52,10000,1
32004,21,10000,1
32005,42,10000,1
32006,63,10000,1
32007,24,10000,1
32008,49,10000,1
32009,73,10000,1
32010,28,10000,1
32011,56,10000,1
32012,83,10000,1
32013,31,10000,1
32014,63,10000,1
32015,94,10000,1
32016,35,10000,1
32017,69,10000,1
32018,104,10000,1
32019,17,10000,1
32020,35,10000,1
32021,52,10000,1
32022,21,10000,1
32023,42,10000,1
32024,63,10000,1
32025,24,10000,1
32026,49,10000,1
32027,73,10000,1
32028,28,10000,1
32029,56,10000,1
32030,83,10000,1
32031,31,10000,1
32032,63,10000,1
32033,94,10000,1
32034,35,10000,1
32035,69,10000,1
32036,104,10000,1
32037,9,10000,1
32038,17,10000,1
32039,36,10000,1
32040,10,10000,1
32041,21,10000,1
32042,31,10000,1
32043,12,10000,1
32044,24,10000,1
32045,36,10000,1
32046,14,10000,1
32047,28,10000,1
32048,42,10000,1
32049,16,10000,1
32050,31,10000,1
32051,47,10000,1
32052,17,10000,1
32053,35,10000,1
32054,52,10000,1
32055,4,10000,1
32056,9,10000,1
32057,13,10000,1
32058,5,10000,1
32059,10,10000,1
32060,16,10000,1
32061,6,10000,1
32062,12,10000,1
32063,18,10000,1
32064,7,10000,1
32065,14,10000,1
32066,21,10000,1
32067,8,10000,1
32068,8,10000,1
32069,8,10000,1
32070,9,10000,1
32071,17,10000,1
32072,26,10000,1
32073,17,10000,1
32074,35,10000,1
32075,52,10000,1
32076,21,10000,1
32077,42,10000,1
32078,63,10000,1
32079,28,10000,1
32080,56,10000,1
32081,83,10000,1
32082,31,10000,1
32083,63,10000,1
32084,94,10000,1
32085,24,10000,1
32086,49,10000,1
32087,73,10000,1
32088,35,10000,1
32089,69,10000,1
32090,104,10000,1
32091,17,10000,1
32092,35,10000,1
32093,52,10000,1
32094,21,10000,1
32095,42,10000,1
32096,63,10000,1
32097,28,10000,1
32098,56,10000,1
32099,83,10000,1
32100,31,10000,1
32101,63,10000,1
32102,94,10000,1
32103,24,10000,1
32104,49,10000,1
32105,73,10000,1
32106,35,10000,1
32107,69,10000,1
32108,104,10000,1
32109,9,10000,1
32110,17,10000,1
32111,26,10000,1
32112,10,10000,1
32113,21,10000,1
32114,31,10000,1
32115,14,10000,1
32116,28,10000,1
32117,42,10000,1
32118,16,10000,1
32119,31,10000,1
32120,47,10000,1
32121,12,10000,1
32122,24,10000,1
32123,36,10000,1
32124,17,10000,1
32125,35,10000,1
32126,52,10000,1
32127,4,10000,1
32128,9,10000,1
32129,13,10000,1
32130,5,10000,1
32131,10,10000,1
32132,16,10000,1
32133,7,10000,1
32134,14,10000,1
32135,21,10000,1
32136,8,10000,1
32137,16,10000,1
32138,23,10000,1
32139,6,10000,1
32140,12,10000,1
32141,18,10000,1
32142,9,10000,1
32143,17,10000,1
32144,26,10000,1
32145,10,10000,1
32146,20,10000,1
32147,30,10000,1
32148,12,10000,1
32149,24,10000,1
32150,36,10000,1
32151,14,10000,1
32152,28,10000,1
32153,42,10000,1
32154,16,10000,1
32155,32,10000,1
32156,48,10000,1
32157,18,10000,1
32158,36,10000,1
32159,54,10000,1
32160,20,10000,1
32161,40,10000,1
32162,60,10000,1
32163,5,10000,1
32164,10,10000,1
32165,15,10000,1
32166,6,10000,1
32167,12,10000,1
32168,18,10000,1
32169,7,10000,1
32170,14,10000,1
32171,21,10000,1
32172,8,10000,1
32173,16,10000,1
32174,24,10000,1
32175,9,10000,1
32176,18,10000,1
32177,27,10000,1
32178,10,10000,1
32179,20,10000,1
32180,30,10000,1
32181,4,10000,1
32182,8,10000,1
32183,12,10000,1
32184,5,10000,1
32185,10,10000,1
32186,15,10000,1
32187,5,10000,1
32188,11,10000,1
32189,16,10000,1
32190,6,10000,1
32191,13,10000,1
32192,19,10000,1
32193,7,10000,1
32194,14,10000,1
32195,22,10000,1
32196,8,10000,1
32197,16,10000,1
32198,24,10000,1
32199,2,10000,1
32200,5,10000,1
32201,7,10000,1
32202,3,10000,1
32203,6,10000,1
32204,9,10000,1
32205,3,10000,1
32206,7,10000,1
32207,10,10000,1
32208,4,10000,1
32209,8,10000,1
32210,12,10000,1
32211,4,10000,1
32212,9,10000,1
32213,14,10000,1
32214,5,10000,1
32215,10,10000,1
32216,15,10000,1
32217,31,10000,1
32218,63,10000,1
32219,94,10000,1
32220,36,10000,1
32221,71,10000,1
32222,107,10000,1
32223,36,10000,1
32224,71,10000,1
32225,107,10000,1
32226,40,10000,1
32227,80,10000,1
32228,120,10000,1
32229,45,10000,1
32230,89,10000,1
32231,134,10000,1
32232,31,10000,1
32233,63,10000,1
32234,94,10000,1
32235,36,10000,1
32236,71,10000,1
32237,107,10000,1
32238,36,10000,1
32239,71,10000,1
32240,107,10000,1
32241,40,10000,1
32242,80,10000,1
32243,120,10000,1
32244,45,10000,1
32245,89,10000,1
32246,134,10000,1
32247,16,10000,1
32248,31,10000,1
32249,47,10000,1
32250,18,10000,1
32251,36,10000,1
32252,54,10000,1
32253,18,10000,1
32254,36,10000,1
32255,54,10000,1
32256,20,10000,1
32257,40,10000,1
32258,60,10000,1
32259,22,10000,1
32260,44,10000,1
32261,67,10000,1
32262,8,10000,1
32263,16,10000,1
32264,23,10000,1
32265,9,10000,1
32266,18,10000,1
32267,27,10000,1
32268,9,10000,1
32269,18,10000,1
32270,27,10000,1
32271,10,10000,1
32272,20,10000,1
32273,30,10000,1
32274,11,10000,1
32275,22,10000,1
32276,34,10000,1
32277,36,10000,1
32278,71,10000,1
32279,107,10000,1
32280,40,10000,1
32281,80,10000,1
32282,120,10000,1
32283,40,10000,1
32284,80,10000,1
32285,120,10000,1
32286,45,10000,1
32287,89,10000,1
32288,134,10000,1
32289,36,10000,1
32290,71,10000,1
32291,107,10000,1
32292,40,10000,1
32293,80,10000,1
32294,120,10000,1
32295,40,10000,1
32296,80,10000,1
32297,120,10000,1
32298,45,10000,1
32299,89,10000,1
32300,134,10000,1
32301,18,10000,1
32302,36,10000,1
32303,54,10000,1
32304,20,10000,1
32305,40,10000,1
32306,60,10000,1
32307,20,10000,1
32308,40,10000,1
32309,60,10000,1
32310,22,10000,1
32311,44,10000,1
32312,67,10000,1
32313,9,10000,1
32314,18,10000,1
32315,27,10000,1
32316,10,10000,1
32317,20,10000,1
32318,30,10000,1
32319,10,10000,1
32320,20,10000,1
32321,30,10000,1
32322,11,10000,1
32323,22,10000,1
32324,34,10000,1
32325,40,10000,1
32326,80,10000,1
32327,120,10000,1
32328,48,10000,1
32329,96,10000,1
32330,144,10000,1
32331,56,10000,1
32332,112,10000,1
32333,168,10000,1
32334,64,10000,1
32335,128,10000,1
32336,196,10000,1
32337,72,10000,1
32338,144,10000,1
32339,216,10000,1
32340,80,10000,1
32341,160,10000,1
32342,240,10000,1
32343,20,10000,1
32344,40,10000,1
32345,60,10000,1
32346,24,10000,1
32347,48,10000,1
32348,72,10000,1
32349,28,10000,1
32350,56,10000,1
32351,84,10000,1
32352,32,10000,1
32353,64,10000,1
32354,96,10000,1
32355,36,10000,1
32356,72,10000,1
32357,108,10000,1
32358,40,10000,1
32359,80,10000,1
32360,120,10000,1
32361,16,10000,1
32362,32,10000,1
32363,48,10000,1
32364,19,10000,1
32365,38,10000,1
32366,58,10000,1
32367,22,10000,1
32368,45,10000,1
32369,67,10000,1
32370,26,10000,1
32371,51,10000,1
32372,77,10000,1
32373,29,10000,1
32374,58,10000,1
32375,86,10000,1
32376,32,10000,1
32377,64,10000,1
32378,96,10000,1
32379,10,10000,1
32380,20,10000,1
32381,30,10000,1
32382,12,10000,1
32383,24,10000,1
32384,36,10000,1
32385,14,10000,1
32386,28,10000,1
32387,42,10000,1
32388,16,10000,1
32389,32,10000,1
32390,48,10000,1
32391,18,10000,1
32392,36,10000,1
32393,54,10000,1
32394,20,10000,1
32395,40,10000,1
32396,60,10000,1
32397,64,10000,1
32398,128,10000,1
32399,192,10000,1
32400,32,10000,1
32401,64,10000,1
32402,96,10000,1
32403,16,10000,1
32404,32,10000,1
32405,48,10000,1
32406,8,10000,1
32407,16,10000,1
32408,24,10000,1
32409,2,10000,1
32410,4,10000,1
32411,6,10000,1
32412,25,1000,1
32413,50,1000,1
32414,75,1000,1
32415,240,10000,1
32416,480,10000,1
32417,720,10000,1
32418,300,10000,1
32419,600,10000,1
32420,900,10000,1
32421,360,10000,1
32422,720,10000,1
32423,1080,10000,1
32424,420,10000,1
32425,840,10000,1
32426,1260,10000,1
32427,480,10000,1
32428,960,10000,1
32429,1440,10000,1
32430,540,10000,1
32431,1080,10000,1
32432,1620,10000,1
32433,600,10000,1
32434,1200,10000,1
32435,1800,10000,1
32436,120,10000,1
32437,240,10000,1
32438,360,10000,1
32439,150,10000,1
32440,300,10000,1
32441,450,10000,1
32442,180,10000,1
32443,360,10000,1
32444,540,10000,1
32445,210,10000,1
32446,420,10000,1
32447,630,10000,1
32448,240,10000,1
32449,480,10000,1
32450,720,10000,1
32451,270,10000,1
32452,540,10000,1
32453,810,10000,1
32454,300,10000,1
32455,600,10000,1
32456,900,10000,1
32457,48,10000,1
32458,96,10000,1
32459,144,10000,1
32460,60,10000,1
32461,120,10000,1
32462,180,10000,1
32463,72,10000,1
32464,144,10000,1
32465,216,10000,1
32466,84,10000,1
32467,168,10000,1
32468,252,10000,1
32469,96,10000,1
32470,192,10000,1
32471,288,10000,1
32472,108,10000,1
32473,216,10000,1
32474,324,10000,1
32475,120,10000,1
32476,240,10000,1
32477,360,10000,1
32478,24,10000,1
32479,48,10000,1
32480,72,10000,1
32481,30,10000,1
32482,60,10000,1
32483,90,10000,1
32484,36,10000,1
32485,72,10000,1
32486,108,10000,1
32487,42,10000,1
32488,84,10000,1
32489,126,10000,1
32490,48,10000,1
32491,96,10000,1
32492,144,10000,1
32493,54,10000,1
32494,108,10000,1
32495,162,10000,1
32496,60,10000,1
32497,120,10000,1
32498,180,10000,1
4000,20,1000,1
4063,20,1000,1
4064,201,10000,1
4065,221,10000,1
4066,2413,100000,1
4067,2615,100000,1
4068,2817,100000,1
4069,3020,100000,1
50029201,1000,1000,1
500471023,100,1000,1
501020001,1000,1000,1
501020003,1000,1000,1
501020004,1000,1000,1
501020005,1000,1000,1
501030001,1000,1000,1
501030002,1000,1000,1
501030003,1000,1000,1
501030004,1000,1000,1
501040001,1000,1000,1
501040002,1000,1000,1
501040003,1000,1000,1
501040004,1000,1000,1
501040005,1000,1000,1
501040006,1000,1000,1
501040007,1000,1000,1
501150001,1000,1000,1
501150002,1000,1000,1
501150003,1000,1000,1
501150004,1000,1000,1
501270001,1000,1000,1
501270002,1000,1000,1
501270003,1000,1000,1
501270004,1000,1000,1
501320001,1000,1000,1
501320002,1000,1000,1
501320003,1000,1000,1
501320004,1000,1000,1
501420001,1000,1000,1
501420002,1000,1000,1
501420003,1000,1000,1
501420004,1000,1000,1
501450001,1000,1000,1
501450002,1000,1000,1
501450003,1000,1000,1
501450004,1000,1000,1
501450005,1000,1000,1
501450006,1000,1000,1
501450007,1000,1000,1
501610001,1000,1000,1
501610002,1000,1000,1
501610003,1000,1000,1
501610004,1000,1000,1
501710001,1000,1000,1
501710002,1000,1000,1
501710003,1000,1000,1
501710004,1000,1000,1
501710005,1000,1000,1
501710006,1000,1000,1
501710007,1000,1000,1
501710008,1000,1000,1
501710009,1000,1000,1
501710010,1000,1000,1
501810001,1000,1000,1
501910001,1000,1000,1
501910002,1000,1000,1
501910003,1000,1000,1
501910004,1000,1000,1
509999001,1875,1000000,1
509999002,188,100000,1
509999003,1875,1000000,1
509999004,40,1000,1
509999005,20,1000,1
509999006,60,1000,1
509999007,288,10000,1
509999008,288,10000,100
511281001,947,1000,1
511281002,9738,10000,1
511281003,9838,10000,1
511281004,9581,10000,1
511281005,9481,10000,1
511281006,9631,10000,1
511281007,9488,10000,1
511281008,9588,10000,1
511281009,9388,10000,1
511281010,9388,10000,1
511281011,9388,10000,1
511281012,9388,10000,1
511281101,947,1000,100
511281102,9738,10000,100
511281103,9838,10000,100
511281104,9581,10000,100
511281105,9481,10000,100
511281106,9631,10000,100
511281107,9488,10000,100
511281108,9588,10000,100
511281109,9388,10000,100
511281110,9388,10000,100
511281111,9388,10000,100
511281112,9388,10000,100
529999001,500,1000,1
529999002,500,1000,1
529999003,500,1000,1
529999004,500,1000,1
529999005,500,1000,1
529999006,500,1000,1
529999007,500,1000,1
529999008,500,1000,1
529999009,500,1000,1
529999010,500,1000,1
5510001,200,1000,1
5510002,200,1000,2
5510003,200,1000,3
5510011,1000,1000,1
5510013,1000,1000,1
5510014,1000,1000,1
5510017,125,10000,1
5510018,1000,1000,1
5510019,1000,1000,1
5510040,300,1000,1
5510041,200,1000,1
5510042,200,1000,1
5510043,100,1000,1
5510044,300,1000,1
5510045,200,1000,1
5510046,200,1000,1
5510047,100,1000,1
5510048,300,1000,1
5510049,200,1000,1
5510050,200,1000,1
5510051,100,1000,1
5510060,250,10000,1
5520001,225,10000,1
5520002,225,10000,2
5520003,225,10000,3
5520004,1000,1000,1
5520006,1000,1000,1
5520007,1000,1000,1
5520008,1000,1000,1
5520009,1000,1000,1
5520010,1000,1000,1
5520011,1000,1000,1
5520012,1000,1000,1
5520013,1000,1000,1
5520014,1000,1000,1
5520015,1000,1000,1
5520016,1000,1000,1
5520017,1000,1000,1
5520018,1000,1000,1
5520019,1000,1000,1
5520060,1000,1000,1
5520061,1000,1000,1
5520062,1000,1000,1
5520063,600,1000,1
5520064,1000,1000,1
5520065,1000,1000,1
5520066,1000,1000,1
5520069,1000,1000,1
5520101,1000,1000,1
5520102,1000,1000,1
5520103,196,10000,1
5520105,125,1000,1
5520106,250,1000,1
5520110,1000,1000,1
5520131,1000,1000,1
5520201,1000,1000,1
5520202,1000,1000,1
5520203,710,1000,1
5520204,1000,1000,1
5520208,1000,1000,1
5520211,100,10000,1
5520212,100,10000,2
5520213,100,10000,3
5520215,1000,1000,1
5520248,200,1000,0
5520250,18,1000,1
5520251,900,1000,1
5520256,12,1000,1
5520257,6,1000,1
5520301,1000,1000,1
5520302,1000,1000,1
5520303,82,10000,1
5520304,1000,1000,1
5520305,1,1000,1
5520306,1000,1000,1
5520333,1000,1000,1
5520334,417,10000,1
5520335,1,1000,1
5520336,1,1000,1
5520337,1,1000,1
5520338,1,1000,1
5520339,1,1000,1
5520340,3,2000,1
5520341,2,2000,1
5520342,1,2000,1
5539233,1000,1000,1
5539301,1000,1000,1
5539302,1000,1000,1
5539306,1000,1000,1
5539307,1000,1000,1
5539600,1000,1000,1
5539601,1000,1000,1
5539602,1000,1000,1
5539603,1000,1000,1
5539604,1000,1000,1
5539605,1000,1000,1
5539606,1000,1000,1
5539607,1000,1000,1
5539608,1000,1000,1
5539609,1000,1000,1
5539610,1000,1000,1
5539611,1000,1000,1
5539612,1000,1000,1
5539613,1000,1000,1
5539614,1000,1000,1
5539615,1000,1000,1
5539616,1000,1000,1
5539617,1000,1000,1
5539618,1000,1000,1
5539619,1000,1000,1
5539620,1000,1000,1
5539621,1000,1000,1
5539622,1000,1000,1
5539623,1000,1000,1
5539624,1000,1000,1
5539625,1000,1000,1
5539626,1000,1000,1
5539627,1000,1000,1
5539628,1000,1000,1
5539629,1000,1000,1
5539630,1000,1000,1
5539631,1000,1000,1
5539632,1000,1000,1
5539633,1000,1000,1
5539634,1000,1000,1
5539635,1000,1000,1
60001,1000,1000,1
60002,1000,1000,1
60003,1000,1000,1
60004,1000,1000,1
60005,1000,1000,1
60006,1000,1000,1
60007,1000,1000,1
60008,1000,1000,1
60009,1000,1000,1
60010,1000,1000,1
60011,1000,1000,1
60012,1000,1000,1
60013,1000,1000,1
60014,1000,1000,1
60015,1000,1000,1
60016,1000,1000,1
60017,1000,1000,1
60034,1000,1000,1
60035,1000,1000,1
60036,1000,1000,1
60037,1000,1000,1
60038,1000,1000,1
60039,1000,1000,1
60040,1000,1000,1
60041,1000,1000,1
60042,1000,1000,1
60043,1000,1000,1
60044,1000,1000,1
60045,1000,1000,1
60046,1000,1000,1
60047,1000,1000,1
60048,1000,1000,1
60049,1000,1000,1
60050,1000,1000,1
60051,1000,1000,1
60052,1000,1000,1
60053,1000,1000,1
60054,1000,1000,1
60055,1000,1000,1
7200001,1000,1000,1
99998,1000,1000,1
